Município;Entidade;Código da Licitação;Modalidade de licitação;Objeto;Descrição do objeto contratado;Produto (item);Quantidade do objeto contratado (item);Unidade do objeto contratado;Valor unitário orçamento estimativo lote;Quantidade orçamento estimativo lote;Unidade de medida orçamento estimativo lote;Valor unitário orçamento estimativo item;Quantidade orçamento estimativo item;Unidade de medida orçamento estimativo item;Número do edital;Data do edital;CNPJ do participante candidato;Nome do participante candidato;Resultado da Habilitação;Valor da Proposta;arquivo_origem;ano
Ferraz de Vasconcelos;SECRETARIA DA SAUDE / HOSPITAL REG OSIRIS FLORINDO COELHO DE FERRAZ DE VASCONCELOS; 2020809023675;Contratacao Direta - Dispensa de licitacao;Medicamentos;46320-5 - MEDICAMENTOS GERAIS DE USO HUMANO CETOPROFENO 100MG, FORMA FARMACEUTICA PO LIOFILO PARA SOLUCAO INJETAVEL, FORMA DE APRESENTACAO FRASCO-AMPOLA COM OU SEM DILUENTE, VIA DE ADMINISTRACAOINTRAVENOSA;;;;2,29;2000,0;unidade;;;;;;;;;;licitacao-2020-01_0.zip;2020
Ferraz de Vasconcelos;SECRETARIA DA SAUDE / HOSPITAL REG OSIRIS FLORINDO COELHO DE FERRAZ DE VASCONCELOS; 2020809023675;Contratacao Direta - Dispensa de licitacao;Medicamentos;46320-5 - MEDICAMENTOS GERAIS DE USO HUMANO CETOPROFENO 100MG, FORMA FARMACEUTICA PO LIOFILO PARA SOLUCAO INJETAVEL, FORMA DE APRESENTACAO FRASCO-AMPOLA COM OU SEM DILUENTE, VIA DE ADMINISTRACAOINTRAVENOSA;;;;2,584;2000,0;unidade;;;;;;;;;;licitacao-2020-01_0.zip;2020
Ferraz de Vasconcelos;SECRETARIA DA SAUDE / HOSPITAL REG OSIRIS FLORINDO COELHO DE FERRAZ DE VASCONCELOS; 2020809023675;Contratacao Direta - Dispensa de licitacao;Medicamentos;46320-5 - MEDICAMENTOS GERAIS DE USO HUMANO CETOPROFENO 100MG, FORMA FARMACEUTICA PO LIOFILO PARA SOLUCAO INJETAVEL, FORMA DE APRESENTACAO FRASCO-AMPOLA COM OU SEM DILUENTE, VIA DE ADMINISTRACAOINTRAVENOSA;;;;6,8;2000,0;unidade;;;;;;;;;;licitacao-2020-01_0.zip;2020
Ferraz de Vasconcelos;SECRETARIA DA SAUDE / HOSPITAL REG OSIRIS FLORINDO COELHO DE FERRAZ DE VASCONCELOS; 2020818855242;Contratacao Direta - Dispensa de licitacao;Medicamentos;11197-0 - MEDICAMENTOS GERAIS DE USO HUMANO MEROPENEM TRIIDRATADO 500MG, FORMA FARMACEUTICA PO LIOFILO PARA SOLUCAO INJETAVEL, FORMA DE APRESENTACAO FRASCO-AMPOLA COM OU SEM DILUENTE, VIA DE ADM INISTRACAO INTRAVENOSA;;;;10,39;750,0;unidade;;;;;;;;;;licitacao-2020-01_0.zip;2020
Ferraz de Vasconcelos;SECRETARIA DA SAUDE / HOSPITAL REG OSIRIS FLORINDO COELHO DE FERRAZ DE VASCONCELOS; 2020818855242;Contratacao Direta - Dispensa de licitacao;Medicamentos;11197-0 - MEDICAMENTOS GERAIS DE USO HUMANO MEROPENEM TRIIDRATADO 500MG, FORMA FARMACEUTICA PO LIOFILO PARA SOLUCAO INJETAVEL, FORMA DE APRESENTACAO FRASCO-AMPOLA COM OU SEM DILUENTE, VIA DE ADM INISTRACAO INTRAVENOSA;;;;11,7;750,0;unidade;;;;;;;;;;licitacao-2020-01_0.zip;2020
Ferraz de Vasconcelos;SECRETARIA DA SAUDE / HOSPITAL REG OSIRIS FLORINDO COELHO DE FERRAZ DE VASCONCELOS; 2020818855242;Contratacao Direta - Dispensa de licitacao;Medicamentos;11197-0 - MEDICAMENTOS GERAIS DE USO HUMANO MEROPENEM TRIIDRATADO 500MG, FORMA FARMACEUTICA PO LIOFILO PARA SOLUCAO INJETAVEL, FORMA DE APRESENTACAO FRASCO-AMPOLA COM OU SEM DILUENTE, VIA DE ADM INISTRACAO INTRAVENOSA;;;;13,21;750,0;unidade;;;;;;;;;;licitacao-2020-01_0.zip;2020
Ferraz de Vasconcelos;SECRETARIA DA SAUDE / HOSPITAL REG OSIRIS FLORINDO COELHO DE FERRAZ DE VASCONCELOS; 2020818855242;Contratacao Direta - Dispensa de licitacao;Medicamentos;11197-0 - MEDICAMENTOS GERAIS DE USO HUMANO MEROPENEM TRIIDRATADO 500MG, FORMA FARMACEUTICA PO LIOFILO PARA SOLUCAO INJETAVEL, FORMA DE APRESENTACAO FRASCO-AMPOLA COM OU SEM DILUENTE, VIA DE ADM INISTRACAO INTRAVENOSA;;;;16,2;750,0;unidade;;;;;;;;;;licitacao-2020-01_0.zip;2020
Ferraz de Vasconcelos;SECRETARIA DA SAUDE / HOSPITAL REG OSIRIS FLORINDO COELHO DE FERRAZ DE VASCONCELOS; 2020820184328;Contratacao Direta - Dispensa de licitacao;Medicamentos;84419-5 - MEDICAMENTOS CONTROLADOS DE USO HUMANO  PROPOFOL 10MG/ML, FORMA FARMACEUTICA EMULSAO INJETAVEL, FORMA DE APRESENTACAO AMPOLA/FRASCO-AMPOLA/SERINGA PREENCHIDA 20ML, VIA DE ADMINISTRACAO INALATORIA/INTRAVENOSA/INTRATECAL;;;;6,9;1500,0;unidade;;;;;;;;;;licitacao-2020-01_0.zip;2020
Ferraz de Vasconcelos;SECRETARIA DA SAUDE / HOSPITAL REG OSIRIS FLORINDO COELHO DE FERRAZ DE VASCONCELOS; 2020820184328;Contratacao Direta - Dispensa de licitacao;Medicamentos;84419-5 - MEDICAMENTOS CONTROLADOS DE USO HUMANO  PROPOFOL 10MG/ML, FORMA FARMACEUTICA EMULSAO INJETAVEL, FORMA DE APRESENTACAO AMPOLA/FRASCO-AMPOLA/SERINGA PREENCHIDA 20ML, VIA DE ADMINISTRACAO INALATORIA/INTRAVENOSA/INTRATECAL;;;;6,908;1500,0;unidade;;;;;;;;;;licitacao-2020-01_0.zip;2020
Ferraz de Vasconcelos;SECRETARIA DA SAUDE / HOSPITAL REG OSIRIS FLORINDO COELHO DE FERRAZ DE VASCONCELOS; 2020820184328;Contratacao Direta - Dispensa de licitacao;Medicamentos;84419-5 - MEDICAMENTOS CONTROLADOS DE USO HUMANO  PROPOFOL 10MG/ML, FORMA FARMACEUTICA EMULSAO INJETAVEL, FORMA DE APRESENTACAO AMPOLA/FRASCO-AMPOLA/SERINGA PREENCHIDA 20ML, VIA DE ADMINISTRACAO INALATORIA/INTRAVENOSA/INTRATECAL;;;;8,54;1500,0;unidade;;;;;;;;;;licitacao-2020-01_0.zip;2020
Ferraz de Vasconcelos;SECRETARIA DA SAUDE / HOSPITAL REG OSIRIS FLORINDO COELHO DE FERRAZ DE VASCONCELOS; 2020820184328;Contratacao Direta - Dispensa de licitacao;Medicamentos;84419-5 - MEDICAMENTOS CONTROLADOS DE USO HUMANO  PROPOFOL 10MG/ML, FORMA FARMACEUTICA EMULSAO INJETAVEL, FORMA DE APRESENTACAO AMPOLA/FRASCO-AMPOLA/SERINGA PREENCHIDA 20ML, VIA DE ADMINISTRACAO INALATORIA/INTRAVENOSA/INTRATECAL;;;;8,9;1500,0;unidade;;;;;;;;;;licitacao-2020-01_0.zip;2020
Ferraz de Vasconcelos;SECRETARIA DA SAUDE / HOSPITAL REG OSIRIS FLORINDO COELHO DE FERRAZ DE VASCONCELOS; 2020820184328;Contratacao Direta - Dispensa de licitacao;Medicamentos;84419-5 - MEDICAMENTOS CONTROLADOS DE USO HUMANO  PROPOFOL 10MG/ML, FORMA FARMACEUTICA EMULSAO INJETAVEL, FORMA DE APRESENTACAO AMPOLA/FRASCO-AMPOLA/SERINGA PREENCHIDA 20ML, VIA DE ADMINISTRACAO INALATORIA/INTRAVENOSA/INTRATECAL;;;;9,05;1500,0;unidade;;;;;;;;;;licitacao-2020-01_0.zip;2020
Ferraz de Vasconcelos;SECRETARIA DA SAUDE / HOSPITAL REG OSIRIS FLORINDO COELHO DE FERRAZ DE VASCONCELOS; 2020820184328;Contratacao Direta - Dispensa de licitacao;Medicamentos;84419-5 - MEDICAMENTOS CONTROLADOS DE USO HUMANO  PROPOFOL 10MG/ML, FORMA FARMACEUTICA EMULSAO INJETAVEL, FORMA DE APRESENTACAO AMPOLA/FRASCO-AMPOLA/SERINGA PREENCHIDA 20ML, VIA DE ADMINISTRACAO INALATORIA/INTRAVENOSA/INTRATECAL;;;;10,5;1500,0;unidade;;;;;;;;;;licitacao-2020-01_0.zip;2020
Ferraz de Vasconcelos;SECRETARIA DA SAUDE / HOSPITAL REG OSIRIS FLORINDO COELHO DE FERRAZ DE VASCONCELOS; 2020820184328;Contratacao Direta - Dispensa de licitacao;Medicamentos;84419-5 - MEDICAMENTOS CONTROLADOS DE USO HUMANO  PROPOFOL 10MG/ML, FORMA FARMACEUTICA EMULSAO INJETAVEL, FORMA DE APRESENTACAO AMPOLA/FRASCO-AMPOLA/SERINGA PREENCHIDA 20ML, VIA DE ADMINISTRACAO INALATORIA/INTRAVENOSA/INTRATECAL;;;;13,56;1500,0;unidade;;;;;;;;;;licitacao-2020-01_0.zip;2020
Ferraz de Vasconcelos;SECRETARIA DA SAUDE / HOSPITAL REG OSIRIS FLORINDO COELHO DE FERRAZ DE VASCONCELOS; 2020820184328;Contratacao Direta - Dispensa de licitacao;Medicamentos;84419-5 - MEDICAMENTOS CONTROLADOS DE USO HUMANO  PROPOFOL 10MG/ML, FORMA FARMACEUTICA EMULSAO INJETAVEL, FORMA DE APRESENTACAO AMPOLA/FRASCO-AMPOLA/SERINGA PREENCHIDA 20ML, VIA DE ADMINISTRACAO INALATORIA/INTRAVENOSA/INTRATECAL;;;;14,73;1500,0;unidade;;;;;;;;;;licitacao-2020-01_0.zip;2020
Ferraz de Vasconcelos;SECRETARIA DA SAUDE / HOSPITAL REG OSIRIS FLORINDO COELHO DE FERRAZ DE VASCONCELOS; 2020821125320;Contratacao Direta - Dispensa de licitacao;Medicamentos;10339-0 - MEDICAMENTOS GERAIS DE USO HUMANO   DICLOFENACO SODICO 25MG/ML, FORMA FARMACEUTICA SOLUCAO INJETAVEL, FORMA DE APRESENTACAO FRASCO-AMPOLA/SERINGA PREENCHIDA/AMPOLA 3ML, VIA DE ADMINISTRACAO INTRAMUSCULAR;;;;0,509;15000,0;unidade;;;;;;;;;;licitacao-2020-01_0.zip;2020
Ferraz de Vasconcelos;SECRETARIA DA SAUDE / HOSPITAL REG OSIRIS FLORINDO COELHO DE FERRAZ DE VASCONCELOS; 2020821125320;Contratacao Direta - Dispensa de licitacao;Medicamentos;10339-0 - MEDICAMENTOS GERAIS DE USO HUMANO   DICLOFENACO SODICO 25MG/ML, FORMA FARMACEUTICA SOLUCAO INJETAVEL, FORMA DE APRESENTACAO FRASCO-AMPOLA/SERINGA PREENCHIDA/AMPOLA 3ML, VIA DE ADMINISTRACAO INTRAMUSCULAR;;;;0,63;15000,0;unidade;;;;;;;;;;licitacao-2020-01_0.zip;2020
Ferraz de Vasconcelos;SECRETARIA DA SAUDE / HOSPITAL REG OSIRIS FLORINDO COELHO DE FERRAZ DE VASCONCELOS; 2020821125320;Contratacao Direta - Dispensa de licitacao;Medicamentos;10339-0 - MEDICAMENTOS GERAIS DE USO HUMANO   DICLOFENACO SODICO 25MG/ML, FORMA FARMACEUTICA SOLUCAO INJETAVEL, FORMA DE APRESENTACAO FRASCO-AMPOLA/SERINGA PREENCHIDA/AMPOLA 3ML, VIA DE ADMINISTRACAO INTRAMUSCULAR;;;;0,648;15000,0;unidade;;;;;;;;;;licitacao-2020-01_0.zip;2020
Ferraz de Vasconcelos;SECRETARIA DA SAUDE / HOSPITAL REG OSIRIS FLORINDO COELHO DE FERRAZ DE VASCONCELOS; 2020821125320;Contratacao Direta - Dispensa de licitacao;Medicamentos;10339-0 - MEDICAMENTOS GERAIS DE USO HUMANO   DICLOFENACO SODICO 25MG/ML, FORMA FARMACEUTICA SOLUCAO INJETAVEL, FORMA DE APRESENTACAO FRASCO-AMPOLA/SERINGA PREENCHIDA/AMPOLA 3ML, VIA DE ADMINISTRACAO INTRAMUSCULAR;;;;0,7;15000,0;unidade;;;;;;;;;;licitacao-2020-01_0.zip;2020
Ferraz de Vasconcelos;SECRETARIA DA SAUDE / HOSPITAL REG OSIRIS FLORINDO COELHO DE FERRAZ DE VASCONCELOS; 2020821125320;Contratacao Direta - Dispensa de licitacao;Medicamentos;10339-0 - MEDICAMENTOS GERAIS DE USO HUMANO   DICLOFENACO SODICO 25MG/ML, FORMA FARMACEUTICA SOLUCAO INJETAVEL, FORMA DE APRESENTACAO FRASCO-AMPOLA/SERINGA PREENCHIDA/AMPOLA 3ML, VIA DE ADMINISTRACAO INTRAMUSCULAR;;;;0,9;15000,0;unidade;;;;;;;;;;licitacao-2020-01_0.zip;2020
Ferraz de Vasconcelos;SECRETARIA DA SAUDE / HOSPITAL REG OSIRIS FLORINDO COELHO DE FERRAZ DE VASCONCELOS; 2020821125320;Contratacao Direta - Dispensa de licitacao;Medicamentos;10339-0 - MEDICAMENTOS GERAIS DE USO HUMANO   DICLOFENACO SODICO 25MG/ML, FORMA FARMACEUTICA SOLUCAO INJETAVEL, FORMA DE APRESENTACAO FRASCO-AMPOLA/SERINGA PREENCHIDA/AMPOLA 3ML, VIA DE ADMINISTRACAO INTRAMUSCULAR;;;;1,11;15000,0;unidade;;;;;;;;;;licitacao-2020-01_0.zip;2020
Ferraz de Vasconcelos;SECRETARIA DA SAUDE / HOSPITAL REG OSIRIS FLORINDO COELHO DE FERRAZ DE VASCONCELOS; 2020821125320;Contratacao Direta - Dispensa de licitacao;Medicamentos;11093-0 - MEDICAMENTOS GERAIS DE USO HUMANO METOCLOPRAMIDA, CLORIDRATO 5MG/ML, FORMA FARMACEUTICA SOLUCAO INJETAVEL, FORMA DE APRESENTACAO FRASCO-AMPOLA/SERINGA PREENCHIDA/AMPOLA 2ML, VIA DE ADMINISTRACAO INTRAMUSCULAR/INTRAVENOSA;;;;0,3169;9120,0;unidade;;;;;;;;;;licitacao-2020-01_0.zip;2020
Ferraz de Vasconcelos;SECRETARIA DA SAUDE / HOSPITAL REG OSIRIS FLORINDO COELHO DE FERRAZ DE VASCONCELOS; 2020821125320;Contratacao Direta - Dispensa de licitacao;Medicamentos;11093-0 - MEDICAMENTOS GERAIS DE USO HUMANO METOCLOPRAMIDA, CLORIDRATO 5MG/ML, FORMA FARMACEUTICA SOLUCAO INJETAVEL, FORMA DE APRESENTACAO FRASCO-AMPOLA/SERINGA PREENCHIDA/AMPOLA 2ML, VIA DE ADMINISTRACAO INTRAMUSCULAR/INTRAVENOSA;;;;0,33;9120,0;unidade;;;;;;;;;;licitacao-2020-01_0.zip;2020
Ferraz de Vasconcelos;SECRETARIA DA SAUDE / HOSPITAL REG OSIRIS FLORINDO COELHO DE FERRAZ DE VASCONCELOS; 2020821125320;Contratacao Direta - Dispensa de licitacao;Medicamentos;11093-0 - MEDICAMENTOS GERAIS DE USO HUMANO METOCLOPRAMIDA, CLORIDRATO 5MG/ML, FORMA FARMACEUTICA SOLUCAO INJETAVEL, FORMA DE APRESENTACAO FRASCO-AMPOLA/SERINGA PREENCHIDA/AMPOLA 2ML, VIA DE ADMINISTRACAO INTRAMUSCULAR/INTRAVENOSA;;;;0,36;9120,0;unidade;;;;;;;;;;licitacao-2020-01_0.zip;2020
Ferraz de Vasconcelos;SECRETARIA DA SAUDE / HOSPITAL REG OSIRIS FLORINDO COELHO DE FERRAZ DE VASCONCELOS; 2020821125320;Contratacao Direta - Dispensa de licitacao;Medicamentos;11093-0 - MEDICAMENTOS GERAIS DE USO HUMANO METOCLOPRAMIDA, CLORIDRATO 5MG/ML, FORMA FARMACEUTICA SOLUCAO INJETAVEL, FORMA DE APRESENTACAO FRASCO-AMPOLA/SERINGA PREENCHIDA/AMPOLA 2ML, VIA DE ADMINISTRACAO INTRAMUSCULAR/INTRAVENOSA;;;;0,362;9120,0;unidade;;;;;;;;;;licitacao-2020-01_0.zip;2020
Ferraz de Vasconcelos;SECRETARIA DA SAUDE / HOSPITAL REG OSIRIS FLORINDO COELHO DE FERRAZ DE VASCONCELOS; 2020821125320;Contratacao Direta - Dispensa de licitacao;Medicamentos;11093-0 - MEDICAMENTOS GERAIS DE USO HUMANO METOCLOPRAMIDA, CLORIDRATO 5MG/ML, FORMA FARMACEUTICA SOLUCAO INJETAVEL, FORMA DE APRESENTACAO FRASCO-AMPOLA/SERINGA PREENCHIDA/AMPOLA 2ML, VIA DE ADMINISTRACAO INTRAMUSCULAR/INTRAVENOSA;;;;0,37;9120,0;unidade;;;;;;;;;;licitacao-2020-01_0.zip;2020
Ferraz de Vasconcelos;SECRETARIA DA SAUDE / HOSPITAL REG OSIRIS FLORINDO COELHO DE FERRAZ DE VASCONCELOS; 2020821125320;Contratacao Direta - Dispensa de licitacao;Medicamentos;11093-0 - MEDICAMENTOS GERAIS DE USO HUMANO METOCLOPRAMIDA, CLORIDRATO 5MG/ML, FORMA FARMACEUTICA SOLUCAO INJETAVEL, FORMA DE APRESENTACAO FRASCO-AMPOLA/SERINGA PREENCHIDA/AMPOLA 2ML, VIA DE ADMINISTRACAO INTRAMUSCULAR/INTRAVENOSA;;;;0,41;9120,0;unidade;;;;;;;;;;licitacao-2020-01_0.zip;2020
Ferraz de Vasconcelos;SECRETARIA DA SAUDE / HOSPITAL REG OSIRIS FLORINDO COELHO DE FERRAZ DE VASCONCELOS; 2020821125320;Contratacao Direta - Dispensa de licitacao;Medicamentos;11093-0 - MEDICAMENTOS GERAIS DE USO HUMANO METOCLOPRAMIDA, CLORIDRATO 5MG/ML, FORMA FARMACEUTICA SOLUCAO INJETAVEL, FORMA DE APRESENTACAO FRASCO-AMPOLA/SERINGA PREENCHIDA/AMPOLA 2ML, VIA DE ADMINISTRACAO INTRAMUSCULAR/INTRAVENOSA;;;;0,49;9120,0;unidade;;;;;;;;;;licitacao-2020-01_0.zip;2020
Ferraz de Vasconcelos;SECRETARIA DA SAUDE / HOSPITAL REG OSIRIS FLORINDO COELHO DE FERRAZ DE VASCONCELOS; 2020821125320;Contratacao Direta - Dispensa de licitacao;Medicamentos;11093-0 - MEDICAMENTOS GERAIS DE USO HUMANO METOCLOPRAMIDA, CLORIDRATO 5MG/ML, FORMA FARMACEUTICA SOLUCAO INJETAVEL, FORMA DE APRESENTACAO FRASCO-AMPOLA/SERINGA PREENCHIDA/AMPOLA 2ML, VIA DE ADMINISTRACAO INTRAMUSCULAR/INTRAVENOSA;;;;0,53;9120,0;unidade;;;;;;;;;;licitacao-2020-01_0.zip;2020
Ferraz de Vasconcelos;SECRETARIA DA SAUDE / HOSPITAL REG OSIRIS FLORINDO COELHO DE FERRAZ DE VASCONCELOS; 2020823162800;Contratacao Direta - Dispensa de licitacao;Medicamentos;516807-4 - MEDICAMENTOS GERAIS DE USO HUMANO ALBUMINA HUMANA 200MG/ML, FORMA FARMACEUTICA SOLUCAO INJETAVEL, FORMA DE APRESENTACAO BOLSA/FRASCO-AMPOLA, VIA DE ADMINISTRACAO INTRAVENOSA;;;;;;;;;;;;;;;;licitacao-2020-01_0.zip;2020
Ferraz de Vasconcelos;SECRETARIA DA SAUDE / HOSPITAL REG OSIRIS FLORINDO COELHO DE FERRAZ DE VASCONCELOS; 2020857043946;Contratacao Direta - Dispensa de licitacao;Medicamentos;10342-0 - MEDICAMENTOS CONTROLADOS DE USO HUMANO DIAZEPAM 5MG/ML, FORMA FARMACEUTICA SOLUCAO INJETAVEL, FORMA DE APRESENTACAO FRASCO-AMPOLA/ SERINGA PREENCHIDA/ AMPOLA 2ML, VIA DE ADMINISTRACAO INTRAMUSCULAR/ INTRAVENOSA;;;;0,5833;936,0;unidade;;;;;;;;;;licitacao-2020-01_0.zip;2020
Ferraz de Vasconcelos;SECRETARIA DA SAUDE / HOSPITAL REG OSIRIS FLORINDO COELHO DE FERRAZ DE VASCONCELOS; 2020857043946;Contratacao Direta - Dispensa de licitacao;Medicamentos;10342-0 - MEDICAMENTOS CONTROLADOS DE USO HUMANO DIAZEPAM 5MG/ML, FORMA FARMACEUTICA SOLUCAO INJETAVEL, FORMA DE APRESENTACAO FRASCO-AMPOLA/ SERINGA PREENCHIDA/ AMPOLA 2ML, VIA DE ADMINISTRACAO INTRAMUSCULAR/ INTRAVENOSA;;;;0,99;936,0;unidade;;;;;;;;;;licitacao-2020-01_0.zip;2020
Ferraz de Vasconcelos;SECRETARIA DA SAUDE / HOSPITAL REG OSIRIS FLORINDO COELHO DE FERRAZ DE VASCONCELOS; 2020857043946;Contratacao Direta - Dispensa de licitacao;Medicamentos;10342-0 - MEDICAMENTOS CONTROLADOS DE USO HUMANO DIAZEPAM 5MG/ML, FORMA FARMACEUTICA SOLUCAO INJETAVEL, FORMA DE APRESENTACAO FRASCO-AMPOLA/ SERINGA PREENCHIDA/ AMPOLA 2ML, VIA DE ADMINISTRACAO INTRAMUSCULAR/ INTRAVENOSA;;;;1,06;936,0;unidade;;;;;;;;;;licitacao-2020-01_0.zip;2020
Ferraz de Vasconcelos;SECRETARIA DA SAUDE / HOSPITAL REG OSIRIS FLORINDO COELHO DE FERRAZ DE VASCONCELOS; 2020857043946;Contratacao Direta - Dispensa de licitacao;Medicamentos;10342-0 - MEDICAMENTOS CONTROLADOS DE USO HUMANO DIAZEPAM 5MG/ML, FORMA FARMACEUTICA SOLUCAO INJETAVEL, FORMA DE APRESENTACAO FRASCO-AMPOLA/ SERINGA PREENCHIDA/ AMPOLA 2ML, VIA DE ADMINISTRACAO INTRAMUSCULAR/ INTRAVENOSA;;;;1,4;936,0;unidade;;;;;;;;;;licitacao-2020-01_0.zip;2020
Ferraz de Vasconcelos;SECRETARIA DA SAUDE / HOSPITAL REG OSIRIS FLORINDO COELHO DE FERRAZ DE VASCONCELOS; 2020857043946;Contratacao Direta - Dispensa de licitacao;Medicamentos;46320-5 - MEDICAMENTOS GERAIS DE USO HUMANO CETOPROFENO 100MG, FORMA FARMACEUTICA PO LIOFILO PARA SOLUCAO INJETAVEL, FORMA DE APRESENTACAO FRASCO-AMPOLA COM OU SEM DILUENTE, VIA DE ADMINISTRACAOINTRAVENOSA;;;;1,46;2000,0;UNIDADE;;;;;;;;;;licitacao-2020-01_0.zip;2020
Ferraz de Vasconcelos;SECRETARIA DA SAUDE / HOSPITAL REG OSIRIS FLORINDO COELHO DE FERRAZ DE VASCONCELOS; 2020857043946;Contratacao Direta - Dispensa de licitacao;Medicamentos;46320-5 - MEDICAMENTOS GERAIS DE USO HUMANO CETOPROFENO 100MG, FORMA FARMACEUTICA PO LIOFILO PARA SOLUCAO INJETAVEL, FORMA DE APRESENTACAO FRASCO-AMPOLA COM OU SEM DILUENTE, VIA DE ADMINISTRACAOINTRAVENOSA;;;;2,29;2000,0;unidade;;;;;;;;;;licitacao-2020-01_0.zip;2020
Ferraz de Vasconcelos;SECRETARIA DA SAUDE / HOSPITAL REG OSIRIS FLORINDO COELHO DE FERRAZ DE VASCONCELOS; 2020857043946;Contratacao Direta - Dispensa de licitacao;Medicamentos;46320-5 - MEDICAMENTOS GERAIS DE USO HUMANO CETOPROFENO 100MG, FORMA FARMACEUTICA PO LIOFILO PARA SOLUCAO INJETAVEL, FORMA DE APRESENTACAO FRASCO-AMPOLA COM OU SEM DILUENTE, VIA DE ADMINISTRACAOINTRAVENOSA;;;;2,584;2000,0;unidade;;;;;;;;;;licitacao-2020-01_0.zip;2020
Ferraz de Vasconcelos;SECRETARIA DA SAUDE / HOSPITAL REG OSIRIS FLORINDO COELHO DE FERRAZ DE VASCONCELOS; 2020857043946;Contratacao Direta - Dispensa de licitacao;Medicamentos;46320-5 - MEDICAMENTOS GERAIS DE USO HUMANO CETOPROFENO 100MG, FORMA FARMACEUTICA PO LIOFILO PARA SOLUCAO INJETAVEL, FORMA DE APRESENTACAO FRASCO-AMPOLA COM OU SEM DILUENTE, VIA DE ADMINISTRACAOINTRAVENOSA;;;;6,8;2000,0;unidade;;;;;;;;;;licitacao-2020-01_0.zip;2020
Ferraz de Vasconcelos;SECRETARIA DA SAUDE / HOSPITAL REG OSIRIS FLORINDO COELHO DE FERRAZ DE VASCONCELOS; 2020857043946;Contratacao Direta - Dispensa de licitacao;Medicamentos;48028-2 - MEDICAMENTOS CONTROLADOS DE USO HUMANO TRAMADOL, CLORIDRATO 50MG/ML, FORMA FARMACEUTICA SOLUCAO INJETAVEL, FORMA DE APRESENTACAO AMPOLA/FRASCO-AMPOLA/SERINGA PREENCHIDA 2ML, VIA DE ADMINISTRACAO INTRAMUSCULAR/ INTRAVENOSA;;;;0,66;4020,0;unidade;;;;;;;;;;licitacao-2020-01_0.zip;2020
Ferraz de Vasconcelos;SECRETARIA DA SAUDE / HOSPITAL REG OSIRIS FLORINDO COELHO DE FERRAZ DE VASCONCELOS; 2020857043946;Contratacao Direta - Dispensa de licitacao;Medicamentos;48028-2 - MEDICAMENTOS CONTROLADOS DE USO HUMANO TRAMADOL, CLORIDRATO 50MG/ML, FORMA FARMACEUTICA SOLUCAO INJETAVEL, FORMA DE APRESENTACAO AMPOLA/FRASCO-AMPOLA/SERINGA PREENCHIDA 2ML, VIA DE ADMINISTRACAO INTRAMUSCULAR/ INTRAVENOSA;;;;1,076;4020,0;unidade;;;;;;;;;;licitacao-2020-01_0.zip;2020
Ferraz de Vasconcelos;SECRETARIA DA SAUDE / HOSPITAL REG OSIRIS FLORINDO COELHO DE FERRAZ DE VASCONCELOS; 2020857043946;Contratacao Direta - Dispensa de licitacao;Medicamentos;48028-2 - MEDICAMENTOS CONTROLADOS DE USO HUMANO TRAMADOL, CLORIDRATO 50MG/ML, FORMA FARMACEUTICA SOLUCAO INJETAVEL, FORMA DE APRESENTACAO AMPOLA/FRASCO-AMPOLA/SERINGA PREENCHIDA 2ML, VIA DE ADMINISTRACAO INTRAMUSCULAR/ INTRAVENOSA;;;;1,1;4020,0;unidade;;;;;;;;;;licitacao-2020-01_0.zip;2020
Ferraz de Vasconcelos;SECRETARIA DA SAUDE / HOSPITAL REG OSIRIS FLORINDO COELHO DE FERRAZ DE VASCONCELOS; 2020857043946;Contratacao Direta - Dispensa de licitacao;Medicamentos;48028-2 - MEDICAMENTOS CONTROLADOS DE USO HUMANO TRAMADOL, CLORIDRATO 50MG/ML, FORMA FARMACEUTICA SOLUCAO INJETAVEL, FORMA DE APRESENTACAO AMPOLA/FRASCO-AMPOLA/SERINGA PREENCHIDA 2ML, VIA DE ADMINISTRACAO INTRAMUSCULAR/ INTRAVENOSA;;;;1,3;4020,0;unidade;;;;;;;;;;licitacao-2020-01_0.zip;2020
Ferraz de Vasconcelos;SECRETARIA DA SAUDE / HOSPITAL REG OSIRIS FLORINDO COELHO DE FERRAZ DE VASCONCELOS; 2020857043946;Contratacao Direta - Dispensa de licitacao;Medicamentos;48028-2 - MEDICAMENTOS CONTROLADOS DE USO HUMANO TRAMADOL, CLORIDRATO 50MG/ML, FORMA FARMACEUTICA SOLUCAO INJETAVEL, FORMA DE APRESENTACAO AMPOLA/FRASCO-AMPOLA/SERINGA PREENCHIDA 2ML, VIA DE ADMINISTRACAO INTRAMUSCULAR/ INTRAVENOSA;;;;1,95;4020,0;unidade;;;;;;;;;;licitacao-2020-01_0.zip;2020
Ferraz de Vasconcelos;SECRETARIA DA SAUDE / HOSPITAL REG OSIRIS FLORINDO COELHO DE FERRAZ DE VASCONCELOS; 2020897855719;Contratacao Direta - Dispensa de licitacao;Medicamentos;468745-0 - MEDICAMENTOS GERAIS DE USO HUMANO IOBITRIDOL 767,80 MG/ML (EQUIV. 350 MG/ML DE IODO), FORMA FARMACEUTICA SOLUCAO INEJTAVEL, FORMA DE APRESENTACAO BOLSA/FRASCO/FRASCO-AMPOLA, VIA DE ADMINISTRACAO INTRAVENOSA;;;;38,5;300,0;Unid. 50,00 ml;;;;;;;;;;licitacao-2020-01_0.zip;2020
Ferraz de Vasconcelos;SECRETARIA DA SAUDE / HOSPITAL REG OSIRIS FLORINDO COELHO DE FERRAZ DE VASCONCELOS; 2020897855719;Contratacao Direta - Dispensa de licitacao;Medicamentos;468745-0 - MEDICAMENTOS GERAIS DE USO HUMANO IOBITRIDOL 767,80 MG/ML (EQUIV. 350 MG/ML DE IODO), FORMA FARMACEUTICA SOLUCAO INEJTAVEL, FORMA DE APRESENTACAO BOLSA/FRASCO/FRASCO-AMPOLA, VIA DE ADMINISTRACAO INTRAVENOSA;;;;38,7;300,0;Unid. 50,00 ml;;;;;;;;;;licitacao-2020-01_0.zip;2020
Ferraz de Vasconcelos;SECRETARIA DA SAUDE / HOSPITAL REG OSIRIS FLORINDO COELHO DE FERRAZ DE VASCONCELOS; 2020897855719;Contratacao Direta - Dispensa de licitacao;Medicamentos;468745-0 - MEDICAMENTOS GERAIS DE USO HUMANO IOBITRIDOL 767,80 MG/ML (EQUIV. 350 MG/ML DE IODO), FORMA FARMACEUTICA SOLUCAO INEJTAVEL, FORMA DE APRESENTACAO BOLSA/FRASCO/FRASCO-AMPOLA, VIA DE ADMINISTRACAO INTRAVENOSA;;;;55,23;300,0;Unid. 50,00 ml;;;;;;;;;;licitacao-2020-01_0.zip;2020
Ferraz de Vasconcelos;PREFEITURA MUNICIPAL DE FERRAZ DE VASCONCELOS; 2021000000211;Contratacao Direta - Dispensa de licitacao;Medicamentos;INSULINA GLARGINA 100 UI/ML, FRASCO 10 ML ;;;;290,53;24,0;UN;;;;;;;;;;licitacao-2021-05_0.zip;2021
Ferraz de Vasconcelos;PREFEITURA MUNICIPAL DE FERRAZ DE VASCONCELOS; 2021000000211;Contratacao Direta - Dispensa de licitacao;Medicamentos;INSULINA GLARGINA 100 UI/ML, FRASCO 10 ML ;;;;291,03;24,0;UN;;;;;;;;;;licitacao-2021-05_0.zip;2021
Ferraz de Vasconcelos;PREFEITURA MUNICIPAL DE FERRAZ DE VASCONCELOS; 2021000000211;Contratacao Direta - Dispensa de licitacao;Medicamentos;INSULINA GLARGINA 100 UI/ML, FRASCO 10 ML ;;;;291,53;24,0;UN;;;;;;;;;;licitacao-2021-05_0.zip;2021
Ferraz de Vasconcelos;PREFEITURA MUNICIPAL DE FERRAZ DE VASCONCELOS; 2021000000211;Contratacao Direta - Dispensa de licitacao;Medicamentos;INSULINA GLULISINA 100 UI/ML, FRASCO COM 10 ML ;;;;120,78;24,0;FRS;;;;;;;;;;licitacao-2021-05_0.zip;2021
Ferraz de Vasconcelos;PREFEITURA MUNICIPAL DE FERRAZ DE VASCONCELOS; 2021000000211;Contratacao Direta - Dispensa de licitacao;Medicamentos;INSULINA GLULISINA 100 UI/ML, FRASCO COM 10 ML ;;;;121,28;24,0;FRS;;;;;;;;;;licitacao-2021-05_0.zip;2021
Ferraz de Vasconcelos;PREFEITURA MUNICIPAL DE FERRAZ DE VASCONCELOS; 2021000000211;Contratacao Direta - Dispensa de licitacao;Medicamentos;INSULINA GLULISINA 100 UI/ML, FRASCO COM 10 ML ;;;;121,78;24,0;FRS;;;;;;;;;;licitacao-2021-05_0.zip;2021
Ferraz de Vasconcelos;PREFEITURA MUNICIPAL DE FERRAZ DE VASCONCELOS; 2021000000306;Contratacao Direta - Dispensa de licitacao;Medicamentos;INSULINA LIRAGLUTIDA 6,0MG/3ML CANETA PRE-ENCHIDA PRE ENCHIDA DESCARTAVEL;;;;534,0;24,0;UN;;;;;;;;;;licitacao-2021-05_0.zip;2021
Ferraz de Vasconcelos;PREFEITURA MUNICIPAL DE FERRAZ DE VASCONCELOS; 2021000000306;Contratacao Direta - Dispensa de licitacao;Medicamentos;INSULINA LIRAGLUTIDA 6,0MG/3ML CANETA PRE-ENCHIDA PRE ENCHIDA DESCARTAVEL;;;;536,0;24,0;UN;;;;;;;;;;licitacao-2021-05_0.zip;2021
Ferraz de Vasconcelos;PREFEITURA MUNICIPAL DE FERRAZ DE VASCONCELOS; 2021000000306;Contratacao Direta - Dispensa de licitacao;Medicamentos;INSULINA LIRAGLUTIDA 6,0MG/3ML CANETA PRE-ENCHIDA PRE ENCHIDA DESCARTAVEL;;;;780,0;24,0;UN;;;;;;;;;;licitacao-2021-05_0.zip;2021
Ferraz de Vasconcelos;PREFEITURA MUNICIPAL DE FERRAZ DE VASCONCELOS; 2021000000395;Contratacao Direta - Dispensa de licitacao;Medicamentos;BRENTUXIMABE VEDOTINA 50MG/AMPOLA ;;;;22000,0;2,0;AMP;;;;;;;;;;licitacao-2021-08_0.zip;2021
Ferraz de Vasconcelos;PREFEITURA MUNICIPAL DE FERRAZ DE VASCONCELOS; 2021000000395;Contratacao Direta - Dispensa de licitacao;Medicamentos;BRENTUXIMABE VEDOTINA 50MG/AMPOLA ;;;;22800,0;2,0;AMP;;;;;;;;;;licitacao-2021-08_0.zip;2021
Ferraz de Vasconcelos;PREFEITURA MUNICIPAL DE FERRAZ DE VASCONCELOS; 2021000000395;Contratacao Direta - Dispensa de licitacao;Medicamentos;BRENTUXIMABE VEDOTINA 50MG/AMPOLA ;;;;25220,0;2,0;AMP;;;;;;;;;;licitacao-2021-08_0.zip;2021
Ferraz de Vasconcelos;PREFEITURA MUNICIPAL DE FERRAZ DE VASCONCELOS; 2022000000615;Contratacao Direta - Dispensa de licitacao;Medicamentos;BRENTUXIMABE VEDOTINA 50MG/AMPOLA ;;;;22000,0;2,0;AMP;;;;;;;;;;licitacao-2022-01_0.zip;2022
Ferraz de Vasconcelos;PREFEITURA MUNICIPAL DE FERRAZ DE VASCONCELOS; 2022000000615;Contratacao Direta - Dispensa de licitacao;Medicamentos;BRENTUXIMABE VEDOTINA 50MG/AMPOLA ;;;;23790,0;2,0;AMP;;;;;;;;;;licitacao-2022-01_0.zip;2022
Ferraz de Vasconcelos;PREFEITURA MUNICIPAL DE FERRAZ DE VASCONCELOS; 2022000000615;Contratacao Direta - Dispensa de licitacao;Medicamentos;BRENTUXIMABE VEDOTINA 50MG/AMPOLA ;;;;24000,0;2,0;AMP;;;;;;;;;;licitacao-2022-01_0.zip;2022
Ferraz de Vasconcelos;"SECRETARIA DA SAUDE / HOSPITAL REG""OSIRIS FLORINDO COELHO""DE FERRAZ DE VASCONCELOS"; 2023840246109;Contratacao Direta - Dispensa de licitacao;Medicamentos;10580-5 -Â MEDICAMENTOS GERAIS DE USO HUMANO DIPIRONA 500MG/ML, FORMA FARMACEUTICA SOLUCAO INJETAVEL, FORMA DE APRESENTACAO FRASCO-AMPOLA /SERINGA PREENCHIDA /AMPOLA 2ML, VIA DE ADMINISTRACAO INTRAMUSCULAR/INTRAVENOSA;;;;1,23;14300,0;UNIDADE;;;;;;;;;;licitacao-2023-07_0.zip;2023
Ferraz de Vasconcelos;"SECRETARIA DA SAUDE / HOSPITAL REG""OSIRIS FLORINDO COELHO""DE FERRAZ DE VASCONCELOS"; 2023840246109;Contratacao Direta - Dispensa de licitacao;Medicamentos;10580-5 -Â MEDICAMENTOS GERAIS DE USO HUMANO DIPIRONA 500MG/ML, FORMA FARMACEUTICA SOLUCAO INJETAVEL, FORMA DE APRESENTACAO FRASCO-AMPOLA /SERINGA PREENCHIDA /AMPOLA 2ML, VIA DE ADMINISTRACAO INTRAMUSCULAR/INTRAVENOSA;;;;1,25;14300,0;UNIDADE;;;;;;;;;;licitacao-2023-07_0.zip;2023
Ferraz de Vasconcelos;"SECRETARIA DA SAUDE / HOSPITAL REG""OSIRIS FLORINDO COELHO""DE FERRAZ DE VASCONCELOS"; 2023840246109;Contratacao Direta - Dispensa de licitacao;Medicamentos;10580-5 -Â MEDICAMENTOS GERAIS DE USO HUMANO DIPIRONA 500MG/ML, FORMA FARMACEUTICA SOLUCAO INJETAVEL, FORMA DE APRESENTACAO FRASCO-AMPOLA /SERINGA PREENCHIDA /AMPOLA 2ML, VIA DE ADMINISTRACAO INTRAMUSCULAR/INTRAVENOSA;;;;2,14;14300,0;UNIDADE;;;;;;;;;;licitacao-2023-07_0.zip;2023
Ferraz de Vasconcelos;PREFEITURA MUNICIPAL DE FERRAZ DE VASCONCELOS; 2023147483898;Contratacao Direta - Dispensa de licitacao;Medicamentos;ESBRIET 267MG CAPSULAS DURAS (PIRFENIDONA) ;;;;12025,8;270,0;CAP;;;;;;;;;;licitacao-2023-12_0.zip;2023
Ferraz de Vasconcelos;PREFEITURA MUNICIPAL DE FERRAZ DE VASCONCELOS; 2023147483898;Contratacao Direta - Dispensa de licitacao;Medicamentos;ESBRIET 267MG CAPSULAS DURAS (PIRFENIDONA) ;;;;14850,0;270,0;CAP;;;;;;;;;;licitacao-2023-12_0.zip;2023
Ferraz de Vasconcelos;PREFEITURA MUNICIPAL DE FERRAZ DE VASCONCELOS; 2023147483898;Contratacao Direta - Dispensa de licitacao;Medicamentos;ESBRIET 267MG CAPSULAS DURAS (PIRFENIDONA) ;;;;16794,0;270,0;CAP;;;;;;;;;;licitacao-2023-12_0.zip;2023
Ferraz de Vasconcelos;PREFEITURA MUNICIPAL DE FERRAZ DE VASCONCELOS; 2023147483898;Contratacao Direta - Dispensa de licitacao;Medicamentos;ESBRIET 267MG CAPSULAS DURAS (PIRFENIDONA) ;;;;17287,0;270,0;CAP;;;;;;;;;;licitacao-2023-12_0.zip;2023
Ferraz de Vasconcelos;PREFEITURA MUNICIPAL DE FERRAZ DE VASCONCELOS; 2023147483898;Contratacao Direta - Dispensa de licitacao;Medicamentos;ESBRIET 267MG CAPSULAS DURAS (PIRFENIDONA) ;;;;17639,1;270,0;CAP;;;;;;;;;;licitacao-2023-12_0.zip;2023
Ferraz de Vasconcelos;PREFEITURA MUNICIPAL DE FERRAZ DE VASCONCELOS; 2023147483899;Contratacao Direta - Dispensa de licitacao;Medicamentos;VEDOLIZUMABE 300MG ;;;;13933,38;1,0;AMP;;;;;;;;;;licitacao-2023-12_0.zip;2023
Ferraz de Vasconcelos;PREFEITURA MUNICIPAL DE FERRAZ DE VASCONCELOS; 2023147483899;Contratacao Direta - Dispensa de licitacao;Medicamentos;VEDOLIZUMABE 300MG ;;;;14713,65;1,0;AMP;;;;;;;;;;licitacao-2023-12_0.zip;2023
Ferraz de Vasconcelos;PREFEITURA MUNICIPAL DE FERRAZ DE VASCONCELOS; 2023147483899;Contratacao Direta - Dispensa de licitacao;Medicamentos;VEDOLIZUMABE 300MG ;;;;15640,0;1,0;AMP;;;;;;;;;;licitacao-2023-12_0.zip;2023
Ferraz de Vasconcelos;PREFEITURA MUNICIPAL DE FERRAZ DE VASCONCELOS; 2024147483876;Contratacao Direta - Dispensa de licitacao;Medicamentos;ACETILCISTEINA 100MG/ML AMPOLA 3ML ;;;;7,1;60,0;AMP;;;;;;;;;;licitacao-2024-03_0.zip;2024
Ferraz de Vasconcelos;PREFEITURA MUNICIPAL DE FERRAZ DE VASCONCELOS; 2024147483876;Contratacao Direta - Dispensa de licitacao;Medicamentos;ACETILCISTEINA 100MG/ML AMPOLA 3ML ;;;;7,4;60,0;AMP;;;;;;;;;;licitacao-2024-03_0.zip;2024
Ferraz de Vasconcelos;PREFEITURA MUNICIPAL DE FERRAZ DE VASCONCELOS; 2024147483876;Contratacao Direta - Dispensa de licitacao;Medicamentos;ACETILCISTEINA 100MG/ML AMPOLA 3ML ;;;;7,7;60,0;AMP;;;;;;;;;;licitacao-2024-03_0.zip;2024
Ferraz de Vasconcelos;PREFEITURA MUNICIPAL DE FERRAZ DE VASCONCELOS; 2024147483876;Contratacao Direta - Dispensa de licitacao;Medicamentos;ACETILCISTEINA 100MG/ML AMPOLA 3ML ;;;;7,9;60,0;AMP;;;;;;;;;;licitacao-2024-03_0.zip;2024
Ferraz de Vasconcelos;PREFEITURA MUNICIPAL DE FERRAZ DE VASCONCELOS; 2024147483876;Contratacao Direta - Dispensa de licitacao;Medicamentos;ACETILCISTEINA 100MG/ML AMPOLA 3ML ;;;;19,55;60,0;AMP;;;;;;;;;;licitacao-2024-03_0.zip;2024
Ferraz de Vasconcelos;PREFEITURA MUNICIPAL DE FERRAZ DE VASCONCELOS; 2024147483876;Contratacao Direta - Dispensa de licitacao;Medicamentos;ACIDO ACETILSALICILICO 100MG TAMPONADO ;;;;0,8;180,0;COM;;;;;;;;;;licitacao-2024-03_0.zip;2024
Ferraz de Vasconcelos;PREFEITURA MUNICIPAL DE FERRAZ DE VASCONCELOS; 2024147483876;Contratacao Direta - Dispensa de licitacao;Medicamentos;ACIDO ACETILSALICILICO 100MG TAMPONADO ;;;;1,0;180,0;COM;;;;;;;;;;licitacao-2024-03_0.zip;2024
Ferraz de Vasconcelos;PREFEITURA MUNICIPAL DE FERRAZ DE VASCONCELOS; 2024147483876;Contratacao Direta - Dispensa de licitacao;Medicamentos;ACIDO ACETILSALICILICO 100MG TAMPONADO ;;;;1,1;180,0;COM;;;;;;;;;;licitacao-2024-03_0.zip;2024
Ferraz de Vasconcelos;PREFEITURA MUNICIPAL DE FERRAZ DE VASCONCELOS; 2024147483876;Contratacao Direta - Dispensa de licitacao;Medicamentos;ACIDO ACETILSALICILICO 100MG TAMPONADO ;;;;1,5;180,0;COM;;;;;;;;;;licitacao-2024-03_0.zip;2024
Ferraz de Vasconcelos;PREFEITURA MUNICIPAL DE FERRAZ DE VASCONCELOS; 2024147483876;Contratacao Direta - Dispensa de licitacao;Medicamentos;ACIDO ACETILSALICILICO 100MG TAMPONADO ;;;;10,12;180,0;COM;;;;;;;;;;licitacao-2024-03_0.zip;2024
Ferraz de Vasconcelos;PREFEITURA MUNICIPAL DE FERRAZ DE VASCONCELOS; 2024147483876;Contratacao Direta - Dispensa de licitacao;Medicamentos;ALLEGRA 6MG/ML 150ML CLORIDRATO DE FEXOFENADINA ;;;;87,79;3,0;FRS;;;;;;;;;;licitacao-2024-03_0.zip;2024
Ferraz de Vasconcelos;PREFEITURA MUNICIPAL DE FERRAZ DE VASCONCELOS; 2024147483876;Contratacao Direta - Dispensa de licitacao;Medicamentos;ALLEGRA 6MG/ML 150ML CLORIDRATO DE FEXOFENADINA ;;;;90,0;3,0;FRS;;;;;;;;;;licitacao-2024-03_0.zip;2024
Ferraz de Vasconcelos;PREFEITURA MUNICIPAL DE FERRAZ DE VASCONCELOS; 2024147483876;Contratacao Direta - Dispensa de licitacao;Medicamentos;ALLEGRA 6MG/ML 150ML CLORIDRATO DE FEXOFENADINA ;;;;90,5;3,0;FRS;;;;;;;;;;licitacao-2024-03_0.zip;2024
Ferraz de Vasconcelos;PREFEITURA MUNICIPAL DE FERRAZ DE VASCONCELOS; 2024147483876;Contratacao Direta - Dispensa de licitacao;Medicamentos;ALLEGRA 6MG/ML 150ML CLORIDRATO DE FEXOFENADINA ;;;;109,38;3,0;FRS;;;;;;;;;;licitacao-2024-03_0.zip;2024
Ferraz de Vasconcelos;PREFEITURA MUNICIPAL DE FERRAZ DE VASCONCELOS; 2024147483876;Contratacao Direta - Dispensa de licitacao;Medicamentos;ANLODIPINO BESILATO 10MG ;;;;0,06;90,0;COM;;;;;;;;;;licitacao-2024-03_0.zip;2024
Ferraz de Vasconcelos;PREFEITURA MUNICIPAL DE FERRAZ DE VASCONCELOS; 2024147483876;Contratacao Direta - Dispensa de licitacao;Medicamentos;ANLODIPINO BESILATO 10MG ;;;;0,16;90,0;COM;;;;;;;;;;licitacao-2024-03_0.zip;2024
Ferraz de Vasconcelos;PREFEITURA MUNICIPAL DE FERRAZ DE VASCONCELOS; 2024147483876;Contratacao Direta - Dispensa de licitacao;Medicamentos;ANLODIPINO BESILATO 10MG ;;;;0,89;90,0;COM;;;;;;;;;;licitacao-2024-03_0.zip;2024
Ferraz de Vasconcelos;PREFEITURA MUNICIPAL DE FERRAZ DE VASCONCELOS; 2024147483876;Contratacao Direta - Dispensa de licitacao;Medicamentos;ANLODIPINO BESILATO 10MG ;;;;0,92;90,0;COM;;;;;;;;;;licitacao-2024-03_0.zip;2024
Ferraz de Vasconcelos;PREFEITURA MUNICIPAL DE FERRAZ DE VASCONCELOS; 2024147483876;Contratacao Direta - Dispensa de licitacao;Medicamentos;ANLODIPINO BESILATO 10MG ;;;;1,42;90,0;COM;;;;;;;;;;licitacao-2024-03_0.zip;2024
Ferraz de Vasconcelos;PREFEITURA MUNICIPAL DE FERRAZ DE VASCONCELOS; 2024147483876;Contratacao Direta - Dispensa de licitacao;Medicamentos;ATORVASTATINA 40MG ;;;;1,19;180,0;COM;;;;;;;;;;licitacao-2024-03_0.zip;2024
Ferraz de Vasconcelos;PREFEITURA MUNICIPAL DE FERRAZ DE VASCONCELOS; 2024147483876;Contratacao Direta - Dispensa de licitacao;Medicamentos;ATORVASTATINA 40MG ;;;;1,49;180,0;COM;;;;;;;;;;licitacao-2024-03_0.zip;2024
Ferraz de Vasconcelos;PREFEITURA MUNICIPAL DE FERRAZ DE VASCONCELOS; 2024147483876;Contratacao Direta - Dispensa de licitacao;Medicamentos;ATORVASTATINA 40MG ;;;;4,89;180,0;COM;;;;;;;;;;licitacao-2024-03_0.zip;2024
Ferraz de Vasconcelos;PREFEITURA MUNICIPAL DE FERRAZ DE VASCONCELOS; 2024147483876;Contratacao Direta - Dispensa de licitacao;Medicamentos;ATORVASTATINA 40MG ;;;;5,39;180,0;COM;;;;;;;;;;licitacao-2024-03_0.zip;2024
Ferraz de Vasconcelos;PREFEITURA MUNICIPAL DE FERRAZ DE VASCONCELOS; 2024147483876;Contratacao Direta - Dispensa de licitacao;Medicamentos;ATORVASTATINA 40MG ;;;;5,89;180,0;COM;;;;;;;;;;licitacao-2024-03_0.zip;2024
Ferraz de Vasconcelos;PREFEITURA MUNICIPAL DE FERRAZ DE VASCONCELOS; 2024147483876;Contratacao Direta - Dispensa de licitacao;Medicamentos;BISOPROLOL HEMIFUMARATO 5 MG COMPRIMIDO REVESTIDO ;;;;0,33;180,0;COM;;;;;;;;;;licitacao-2024-03_0.zip;2024
Ferraz de Vasconcelos;PREFEITURA MUNICIPAL DE FERRAZ DE VASCONCELOS; 2024147483876;Contratacao Direta - Dispensa de licitacao;Medicamentos;BISOPROLOL HEMIFUMARATO 5 MG COMPRIMIDO REVESTIDO ;;;;1,79;180,0;COM;;;;;;;;;;licitacao-2024-03_0.zip;2024
Ferraz de Vasconcelos;PREFEITURA MUNICIPAL DE FERRAZ DE VASCONCELOS; 2024147483876;Contratacao Direta - Dispensa de licitacao;Medicamentos;BISOPROLOL HEMIFUMARATO 5 MG COMPRIMIDO REVESTIDO ;;;;1,93;180,0;COM;;;;;;;;;;licitacao-2024-03_0.zip;2024
Ferraz de Vasconcelos;PREFEITURA MUNICIPAL DE FERRAZ DE VASCONCELOS; 2024147483876;Contratacao Direta - Dispensa de licitacao;Medicamentos;BISOPROLOL HEMIFUMARATO 5 MG COMPRIMIDO REVESTIDO ;;;;1,98;180,0;COM;;;;;;;;;;licitacao-2024-03_0.zip;2024
Ferraz de Vasconcelos;PREFEITURA MUNICIPAL DE FERRAZ DE VASCONCELOS; 2024147483876;Contratacao Direta - Dispensa de licitacao;Medicamentos;BISOPROLOL HEMIFUMARATO 5 MG COMPRIMIDO REVESTIDO ;;;;2,48;180,0;COM;;;;;;;;;;licitacao-2024-03_0.zip;2024
Ferraz de Vasconcelos;PREFEITURA MUNICIPAL DE FERRAZ DE VASCONCELOS; 2024147483876;Contratacao Direta - Dispensa de licitacao;Medicamentos;BLISGLICINATO FERROSO  250MG/ML FR GOT PLAS 30ML ;;;;61,41;3,0;FRS;;;;;;;;;;licitacao-2024-03_0.zip;2024
Ferraz de Vasconcelos;PREFEITURA MUNICIPAL DE FERRAZ DE VASCONCELOS; 2024147483876;Contratacao Direta - Dispensa de licitacao;Medicamentos;BLISGLICINATO FERROSO  250MG/ML FR GOT PLAS 30ML ;;;;61,99;3,0;FRS;;;;;;;;;;licitacao-2024-03_0.zip;2024
Ferraz de Vasconcelos;PREFEITURA MUNICIPAL DE FERRAZ DE VASCONCELOS; 2024147483876;Contratacao Direta - Dispensa de licitacao;Medicamentos;BLISGLICINATO FERROSO  250MG/ML FR GOT PLAS 30ML ;;;;62,49;3,0;FRS;;;;;;;;;;licitacao-2024-03_0.zip;2024
Ferraz de Vasconcelos;PREFEITURA MUNICIPAL DE FERRAZ DE VASCONCELOS; 2024147483876;Contratacao Direta - Dispensa de licitacao;Medicamentos;BLISGLICINATO FERROSO  250MG/ML FR GOT PLAS 30ML ;;;;85,31;3,0;FRS;;;;;;;;;;licitacao-2024-03_0.zip;2024
Ferraz de Vasconcelos;PREFEITURA MUNICIPAL DE FERRAZ DE VASCONCELOS; 2024147483876;Contratacao Direta - Dispensa de licitacao;Medicamentos;BLISGLICINATO FERROSO  250MG/ML FR GOT PLAS 30ML ;;;;1990,67;3,0;FRS;;;;;;;;;;licitacao-2024-03_0.zip;2024
Ferraz de Vasconcelos;PREFEITURA MUNICIPAL DE FERRAZ DE VASCONCELOS; 2024147483876;Contratacao Direta - Dispensa de licitacao;Medicamentos;BROMOPRIDA 10 MG. ;;;;0,79;270,0;COM;;;;;;;;;;licitacao-2024-03_0.zip;2024
Ferraz de Vasconcelos;PREFEITURA MUNICIPAL DE FERRAZ DE VASCONCELOS; 2024147483876;Contratacao Direta - Dispensa de licitacao;Medicamentos;BROMOPRIDA 10 MG. ;;;;1,46;270,0;COM;;;;;;;;;;licitacao-2024-03_0.zip;2024
Ferraz de Vasconcelos;PREFEITURA MUNICIPAL DE FERRAZ DE VASCONCELOS; 2024147483876;Contratacao Direta - Dispensa de licitacao;Medicamentos;BROMOPRIDA 10 MG. ;;;;1,6;270,0;COM;;;;;;;;;;licitacao-2024-03_0.zip;2024
Ferraz de Vasconcelos;PREFEITURA MUNICIPAL DE FERRAZ DE VASCONCELOS; 2024147483876;Contratacao Direta - Dispensa de licitacao;Medicamentos;BROMOPRIDA 10 MG. ;;;;2,1;270,0;COM;;;;;;;;;;licitacao-2024-03_0.zip;2024
Ferraz de Vasconcelos;PREFEITURA MUNICIPAL DE FERRAZ DE VASCONCELOS; 2024147483876;Contratacao Direta - Dispensa de licitacao;Medicamentos;BROMOPRIDA 10 MG. ;;;;3,16;270,0;COM;;;;;;;;;;licitacao-2024-03_0.zip;2024
Ferraz de Vasconcelos;PREFEITURA MUNICIPAL DE FERRAZ DE VASCONCELOS; 2024147483876;Contratacao Direta - Dispensa de licitacao;Medicamentos;BUDESONIDA PULMICORT 0,25MG/ML SUSP.P/ NEBUL.2ML ;;;;11,19;120,0;FLC;;;;;;;;;;licitacao-2024-03_0.zip;2024
Ferraz de Vasconcelos;PREFEITURA MUNICIPAL DE FERRAZ DE VASCONCELOS; 2024147483876;Contratacao Direta - Dispensa de licitacao;Medicamentos;BUDESONIDA PULMICORT 0,25MG/ML SUSP.P/ NEBUL.2ML ;;;;13,71;120,0;FLC;;;;;;;;;;licitacao-2024-03_0.zip;2024
Ferraz de Vasconcelos;PREFEITURA MUNICIPAL DE FERRAZ DE VASCONCELOS; 2024147483876;Contratacao Direta - Dispensa de licitacao;Medicamentos;BUDESONIDA PULMICORT 0,25MG/ML SUSP.P/ NEBUL.2ML ;;;;14,2;120,0;FLC;;;;;;;;;;licitacao-2024-03_0.zip;2024
Ferraz de Vasconcelos;PREFEITURA MUNICIPAL DE FERRAZ DE VASCONCELOS; 2024147483876;Contratacao Direta - Dispensa de licitacao;Medicamentos;BUDESONIDA PULMICORT 0,25MG/ML SUSP.P/ NEBUL.2ML ;;;;14,44;120,0;FLC;;;;;;;;;;licitacao-2024-03_0.zip;2024
Ferraz de Vasconcelos;PREFEITURA MUNICIPAL DE FERRAZ DE VASCONCELOS; 2024147483876;Contratacao Direta - Dispensa de licitacao;Medicamentos;BUDESONIDA PULMICORT 0,25MG/ML SUSP.P/ NEBUL.2ML ;;;;14,7;120,0;FLC;;;;;;;;;;licitacao-2024-03_0.zip;2024
Ferraz de Vasconcelos;PREFEITURA MUNICIPAL DE FERRAZ DE VASCONCELOS; 2024147483876;Contratacao Direta - Dispensa de licitacao;Medicamentos;CICLOBENZAPRINA CLORIDRATO 5MG ;;;;0,6;90,0;COM;;;;;;;;;;licitacao-2024-03_0.zip;2024
Ferraz de Vasconcelos;PREFEITURA MUNICIPAL DE FERRAZ DE VASCONCELOS; 2024147483876;Contratacao Direta - Dispensa de licitacao;Medicamentos;CICLOBENZAPRINA CLORIDRATO 5MG ;;;;1,22;90,0;COM;;;;;;;;;;licitacao-2024-03_0.zip;2024
Ferraz de Vasconcelos;PREFEITURA MUNICIPAL DE FERRAZ DE VASCONCELOS; 2024147483876;Contratacao Direta - Dispensa de licitacao;Medicamentos;CICLOBENZAPRINA CLORIDRATO 5MG ;;;;1,45;90,0;COM;;;;;;;;;;licitacao-2024-03_0.zip;2024
Ferraz de Vasconcelos;PREFEITURA MUNICIPAL DE FERRAZ DE VASCONCELOS; 2024147483876;Contratacao Direta - Dispensa de licitacao;Medicamentos;CICLOBENZAPRINA CLORIDRATO 5MG ;;;;1,95;90,0;COM;;;;;;;;;;licitacao-2024-03_0.zip;2024
Ferraz de Vasconcelos;PREFEITURA MUNICIPAL DE FERRAZ DE VASCONCELOS; 2024147483876;Contratacao Direta - Dispensa de licitacao;Medicamentos;CICLOBENZAPRINA CLORIDRATO 5MG ;;;;16,8;90,0;COM;;;;;;;;;;licitacao-2024-03_0.zip;2024
Ferraz de Vasconcelos;PREFEITURA MUNICIPAL DE FERRAZ DE VASCONCELOS; 2024147483876;Contratacao Direta - Dispensa de licitacao;Medicamentos;CLENIL A(DIPROPIONATO DE BECLOMETASONA 400MCG/ML FLACONETE 2ML;;;;8,7;90,0;UN;;;;;;;;;;licitacao-2024-03_0.zip;2024
Ferraz de Vasconcelos;PREFEITURA MUNICIPAL DE FERRAZ DE VASCONCELOS; 2024147483876;Contratacao Direta - Dispensa de licitacao;Medicamentos;CLENIL A(DIPROPIONATO DE BECLOMETASONA 400MCG/ML FLACONETE 2ML;;;;8,9;90,0;UN;;;;;;;;;;licitacao-2024-03_0.zip;2024
Ferraz de Vasconcelos;PREFEITURA MUNICIPAL DE FERRAZ DE VASCONCELOS; 2024147483876;Contratacao Direta - Dispensa de licitacao;Medicamentos;CLENIL A(DIPROPIONATO DE BECLOMETASONA 400MCG/ML FLACONETE 2ML;;;;9,4;90,0;UN;;;;;;;;;;licitacao-2024-03_0.zip;2024
Ferraz de Vasconcelos;PREFEITURA MUNICIPAL DE FERRAZ DE VASCONCELOS; 2024147483876;Contratacao Direta - Dispensa de licitacao;Medicamentos;CLENIL A(DIPROPIONATO DE BECLOMETASONA 400MCG/ML FLACONETE 2ML;;;;11,73;90,0;UN;;;;;;;;;;licitacao-2024-03_0.zip;2024
Ferraz de Vasconcelos;PREFEITURA MUNICIPAL DE FERRAZ DE VASCONCELOS; 2024147483876;Contratacao Direta - Dispensa de licitacao;Medicamentos;CLENIL A(DIPROPIONATO DE BECLOMETASONA 400MCG/ML FLACONETE 2ML;;;;72,0;90,0;UN;;;;;;;;;;licitacao-2024-03_0.zip;2024
Ferraz de Vasconcelos;PREFEITURA MUNICIPAL DE FERRAZ DE VASCONCELOS; 2024147483876;Contratacao Direta - Dispensa de licitacao;Medicamentos;CLENIL HFA 50MCG 200 DOSES ;;;;49,5;3,0;FRS;;;;;;;;;;licitacao-2024-03_0.zip;2024
Ferraz de Vasconcelos;PREFEITURA MUNICIPAL DE FERRAZ DE VASCONCELOS; 2024147483876;Contratacao Direta - Dispensa de licitacao;Medicamentos;CLENIL HFA 50MCG 200 DOSES ;;;;63,18;3,0;FRS;;;;;;;;;;licitacao-2024-03_0.zip;2024
Ferraz de Vasconcelos;PREFEITURA MUNICIPAL DE FERRAZ DE VASCONCELOS; 2024147483876;Contratacao Direta - Dispensa de licitacao;Medicamentos;DAPAGLIFOZINA 10MG ;;;;4,85;90,0;COM;;;;;;;;;;licitacao-2024-03_0.zip;2024
Ferraz de Vasconcelos;PREFEITURA MUNICIPAL DE FERRAZ DE VASCONCELOS; 2024147483876;Contratacao Direta - Dispensa de licitacao;Medicamentos;DAPAGLIFOZINA 10MG ;;;;7,6;90,0;COM;;;;;;;;;;licitacao-2024-03_0.zip;2024
Ferraz de Vasconcelos;PREFEITURA MUNICIPAL DE FERRAZ DE VASCONCELOS; 2024147483876;Contratacao Direta - Dispensa de licitacao;Medicamentos;DAPAGLIFOZINA 10MG ;;;;8,0;90,0;COM;;;;;;;;;;licitacao-2024-03_0.zip;2024
Ferraz de Vasconcelos;PREFEITURA MUNICIPAL DE FERRAZ DE VASCONCELOS; 2024147483876;Contratacao Direta - Dispensa de licitacao;Medicamentos;DAPAGLIFOZINA 10MG ;;;;8,5;90,0;COM;;;;;;;;;;licitacao-2024-03_0.zip;2024
Ferraz de Vasconcelos;PREFEITURA MUNICIPAL DE FERRAZ DE VASCONCELOS; 2024147483876;Contratacao Direta - Dispensa de licitacao;Medicamentos;DAPAGLIFOZINA 10MG ;;;;9,1;90,0;COM;;;;;;;;;;licitacao-2024-03_0.zip;2024
Ferraz de Vasconcelos;PREFEITURA MUNICIPAL DE FERRAZ DE VASCONCELOS; 2024147483876;Contratacao Direta - Dispensa de licitacao;Medicamentos;DERMACERIUM 50G SULFATO DE PRATA + NITRATO DE CERIO (1% + 0,4%)CREME DERMATOLOGICO.;;;;92,79;3,0;BIS;;;;;;;;;;licitacao-2024-03_0.zip;2024
Ferraz de Vasconcelos;PREFEITURA MUNICIPAL DE FERRAZ DE VASCONCELOS; 2024147483876;Contratacao Direta - Dispensa de licitacao;Medicamentos;DERMACERIUM 50G SULFATO DE PRATA + NITRATO DE CERIO (1% + 0,4%)CREME DERMATOLOGICO.;;;;94,98;3,0;BIS;;;;;;;;;;licitacao-2024-03_0.zip;2024
Ferraz de Vasconcelos;PREFEITURA MUNICIPAL DE FERRAZ DE VASCONCELOS; 2024147483876;Contratacao Direta - Dispensa de licitacao;Medicamentos;DERMACERIUM 50G SULFATO DE PRATA + NITRATO DE CERIO (1% + 0,4%)CREME DERMATOLOGICO.;;;;95,48;3,0;BIS;;;;;;;;;;licitacao-2024-03_0.zip;2024
Ferraz de Vasconcelos;PREFEITURA MUNICIPAL DE FERRAZ DE VASCONCELOS; 2024147483876;Contratacao Direta - Dispensa de licitacao;Medicamentos;DERMACERIUM 50G SULFATO DE PRATA + NITRATO DE CERIO (1% + 0,4%)CREME DERMATOLOGICO.;;;;129,41;3,0;BIS;;;;;;;;;;licitacao-2024-03_0.zip;2024
Ferraz de Vasconcelos;PREFEITURA MUNICIPAL DE FERRAZ DE VASCONCELOS; 2024147483876;Contratacao Direta - Dispensa de licitacao;Medicamentos;DIPROGENTA SULF DE GENTAMICINA 0,64MG/G + PROPINA + PROPIONATO DE BETAMETASONA 1MG/G 10G CREME;;;;13,56;3,0;TUB;;;;;;;;;;licitacao-2024-03_0.zip;2024
Ferraz de Vasconcelos;PREFEITURA MUNICIPAL DE FERRAZ DE VASCONCELOS; 2024147483876;Contratacao Direta - Dispensa de licitacao;Medicamentos;DIPROGENTA SULF DE GENTAMICINA 0,64MG/G + PROPINA + PROPIONATO DE BETAMETASONA 1MG/G 10G CREME;;;;48,66;3,0;TUB;;;;;;;;;;licitacao-2024-03_0.zip;2024
Ferraz de Vasconcelos;PREFEITURA MUNICIPAL DE FERRAZ DE VASCONCELOS; 2024147483876;Contratacao Direta - Dispensa de licitacao;Medicamentos;DIPROGENTA SULF DE GENTAMICINA 0,64MG/G + PROPINA + PROPIONATO DE BETAMETASONA 1MG/G 10G CREME;;;;51,0;3,0;TUB;;;;;;;;;;licitacao-2024-03_0.zip;2024
Ferraz de Vasconcelos;PREFEITURA MUNICIPAL DE FERRAZ DE VASCONCELOS; 2024147483876;Contratacao Direta - Dispensa de licitacao;Medicamentos;DIPROGENTA SULF DE GENTAMICINA 0,64MG/G + PROPINA + PROPIONATO DE BETAMETASONA 1MG/G 10G CREME;;;;51,5;3,0;TUB;;;;;;;;;;licitacao-2024-03_0.zip;2024
Ferraz de Vasconcelos;PREFEITURA MUNICIPAL DE FERRAZ DE VASCONCELOS; 2024147483876;Contratacao Direta - Dispensa de licitacao;Medicamentos;DIPROGENTA SULF DE GENTAMICINA 0,64MG/G + PROPINA + PROPIONATO DE BETAMETASONA 1MG/G 10G CREME;;;;944,33;3,0;TUB;;;;;;;;;;licitacao-2024-03_0.zip;2024
Ferraz de Vasconcelos;PREFEITURA MUNICIPAL DE FERRAZ DE VASCONCELOS; 2024147483876;Contratacao Direta - Dispensa de licitacao;Medicamentos;DOMPERIDONA 1MG/ML SUSP. ORAL FRS 100ML ;;;;11,5;8,0;FRS;;;;;;;;;;licitacao-2024-03_0.zip;2024
Ferraz de Vasconcelos;PREFEITURA MUNICIPAL DE FERRAZ DE VASCONCELOS; 2024147483876;Contratacao Direta - Dispensa de licitacao;Medicamentos;DOMPERIDONA 1MG/ML SUSP. ORAL FRS 100ML ;;;;32,55;8,0;FRS;;;;;;;;;;licitacao-2024-03_0.zip;2024
Ferraz de Vasconcelos;PREFEITURA MUNICIPAL DE FERRAZ DE VASCONCELOS; 2024147483876;Contratacao Direta - Dispensa de licitacao;Medicamentos;DOMPERIDONA 1MG/ML SUSP. ORAL FRS 100ML ;;;;33,97;8,0;FRS;;;;;;;;;;licitacao-2024-03_0.zip;2024
Ferraz de Vasconcelos;PREFEITURA MUNICIPAL DE FERRAZ DE VASCONCELOS; 2024147483876;Contratacao Direta - Dispensa de licitacao;Medicamentos;DOMPERIDONA 1MG/ML SUSP. ORAL FRS 100ML ;;;;35,2;8,0;FRS;;;;;;;;;;licitacao-2024-03_0.zip;2024
Ferraz de Vasconcelos;PREFEITURA MUNICIPAL DE FERRAZ DE VASCONCELOS; 2024147483876;Contratacao Direta - Dispensa de licitacao;Medicamentos;DOMPERIDONA 1MG/ML SUSP. ORAL FRS 100ML ;;;;35,7;8,0;FRS;;;;;;;;;;licitacao-2024-03_0.zip;2024
Ferraz de Vasconcelos;PREFEITURA MUNICIPAL DE FERRAZ DE VASCONCELOS; 2024147483876;Contratacao Direta - Dispensa de licitacao;Medicamentos;ESOMEPRAZOL 20 MG COMPRIMIDOS REVESTIDOS ;;;;1,34;90,0;COM;;;;;;;;;;licitacao-2024-03_0.zip;2024
Ferraz de Vasconcelos;PREFEITURA MUNICIPAL DE FERRAZ DE VASCONCELOS; 2024147483876;Contratacao Direta - Dispensa de licitacao;Medicamentos;ESOMEPRAZOL 20 MG COMPRIMIDOS REVESTIDOS ;;;;1,65;90,0;COM;;;;;;;;;;licitacao-2024-03_0.zip;2024
Ferraz de Vasconcelos;PREFEITURA MUNICIPAL DE FERRAZ DE VASCONCELOS; 2024147483876;Contratacao Direta - Dispensa de licitacao;Medicamentos;ESOMEPRAZOL 20 MG COMPRIMIDOS REVESTIDOS ;;;;5,45;90,0;COM;;;;;;;;;;licitacao-2024-03_0.zip;2024
Ferraz de Vasconcelos;PREFEITURA MUNICIPAL DE FERRAZ DE VASCONCELOS; 2024147483876;Contratacao Direta - Dispensa de licitacao;Medicamentos;ESOMEPRAZOL 20 MG COMPRIMIDOS REVESTIDOS ;;;;5,95;90,0;COM;;;;;;;;;;licitacao-2024-03_0.zip;2024
Ferraz de Vasconcelos;PREFEITURA MUNICIPAL DE FERRAZ DE VASCONCELOS; 2024147483876;Contratacao Direta - Dispensa de licitacao;Medicamentos;ESOMEPRAZOL 20 MG COMPRIMIDOS REVESTIDOS ;;;;6,45;90,0;COM;;;;;;;;;;licitacao-2024-03_0.zip;2024
Ferraz de Vasconcelos;PREFEITURA MUNICIPAL DE FERRAZ DE VASCONCELOS; 2024147483876;Contratacao Direta - Dispensa de licitacao;Medicamentos;ESPIRONOLACTONA 25MG ;;;;0,37;180,0;COM;;;;;;;;;;licitacao-2024-03_0.zip;2024
Ferraz de Vasconcelos;PREFEITURA MUNICIPAL DE FERRAZ DE VASCONCELOS; 2024147483876;Contratacao Direta - Dispensa de licitacao;Medicamentos;ESPIRONOLACTONA 25MG ;;;;0,53;180,0;COM;;;;;;;;;;licitacao-2024-03_0.zip;2024
Ferraz de Vasconcelos;PREFEITURA MUNICIPAL DE FERRAZ DE VASCONCELOS; 2024147483876;Contratacao Direta - Dispensa de licitacao;Medicamentos;ESPIRONOLACTONA 25MG ;;;;0,89;180,0;COM;;;;;;;;;;licitacao-2024-03_0.zip;2024
Ferraz de Vasconcelos;PREFEITURA MUNICIPAL DE FERRAZ DE VASCONCELOS; 2024147483876;Contratacao Direta - Dispensa de licitacao;Medicamentos;ESPIRONOLACTONA 25MG ;;;;0,93;180,0;COM;;;;;;;;;;licitacao-2024-03_0.zip;2024
Ferraz de Vasconcelos;PREFEITURA MUNICIPAL DE FERRAZ DE VASCONCELOS; 2024147483876;Contratacao Direta - Dispensa de licitacao;Medicamentos;ESPIRONOLACTONA 25MG ;;;;1,43;180,0;COM;;;;;;;;;;licitacao-2024-03_0.zip;2024
Ferraz de Vasconcelos;PREFEITURA MUNICIPAL DE FERRAZ DE VASCONCELOS; 2024147483876;Contratacao Direta - Dispensa de licitacao;Medicamentos;INSULINA GLARGINA 100 UI/ML CANETA 3 ML ;;;;97,04;21,0;UN;;;;;;;;;;licitacao-2024-03_0.zip;2024
Ferraz de Vasconcelos;PREFEITURA MUNICIPAL DE FERRAZ DE VASCONCELOS; 2024147483876;Contratacao Direta - Dispensa de licitacao;Medicamentos;INSULINA GLARGINA 100 UI/ML CANETA 3 ML ;;;;116,65;21,0;UN;;;;;;;;;;licitacao-2024-03_0.zip;2024
Ferraz de Vasconcelos;PREFEITURA MUNICIPAL DE FERRAZ DE VASCONCELOS; 2024147483876;Contratacao Direta - Dispensa de licitacao;Medicamentos;INSULINA GLARGINA 100 UI/ML CANETA 3 ML ;;;;119,56;21,0;UN;;;;;;;;;;licitacao-2024-03_0.zip;2024
Ferraz de Vasconcelos;PREFEITURA MUNICIPAL DE FERRAZ DE VASCONCELOS; 2024147483876;Contratacao Direta - Dispensa de licitacao;Medicamentos;INSULINA GLARGINA 100 UI/ML CANETA 3 ML ;;;;120,06;21,0;UN;;;;;;;;;;licitacao-2024-03_0.zip;2024
Ferraz de Vasconcelos;PREFEITURA MUNICIPAL DE FERRAZ DE VASCONCELOS; 2024147483876;Contratacao Direta - Dispensa de licitacao;Medicamentos;INSULINA GLARGINA 100 UI/ML CANETA 3 ML ;;;;149,45;21,0;UN;;;;;;;;;;licitacao-2024-03_0.zip;2024
Ferraz de Vasconcelos;PREFEITURA MUNICIPAL DE FERRAZ DE VASCONCELOS; 2024147483876;Contratacao Direta - Dispensa de licitacao;Medicamentos;INSULINA GLARGINA 100 UI/ML, FRASCO 10 ML ;;;;144,4;30,0;UN;;;;;;;;;;licitacao-2024-03_0.zip;2024
Ferraz de Vasconcelos;PREFEITURA MUNICIPAL DE FERRAZ DE VASCONCELOS; 2024147483876;Contratacao Direta - Dispensa de licitacao;Medicamentos;INSULINA GLARGINA 100 UI/ML, FRASCO 10 ML ;;;;327,64;30,0;UN;;;;;;;;;;licitacao-2024-03_0.zip;2024
Ferraz de Vasconcelos;PREFEITURA MUNICIPAL DE FERRAZ DE VASCONCELOS; 2024147483876;Contratacao Direta - Dispensa de licitacao;Medicamentos;INSULINA GLARGINA 100 UI/ML, FRASCO 10 ML ;;;;336,47;30,0;UN;;;;;;;;;;licitacao-2024-03_0.zip;2024
Ferraz de Vasconcelos;PREFEITURA MUNICIPAL DE FERRAZ DE VASCONCELOS; 2024147483876;Contratacao Direta - Dispensa de licitacao;Medicamentos;INSULINA GLARGINA 100 UI/ML, FRASCO 10 ML ;;;;336,97;30,0;UN;;;;;;;;;;licitacao-2024-03_0.zip;2024
Ferraz de Vasconcelos;PREFEITURA MUNICIPAL DE FERRAZ DE VASCONCELOS; 2024147483876;Contratacao Direta - Dispensa de licitacao;Medicamentos;INSULINA GLARGINA 100 UI/ML, FRASCO 10 ML ;;;;423,5;30,0;UN;;;;;;;;;;licitacao-2024-03_0.zip;2024
Ferraz de Vasconcelos;PREFEITURA MUNICIPAL DE FERRAZ DE VASCONCELOS; 2024147483876;Contratacao Direta - Dispensa de licitacao;Medicamentos;LACTULOSE 667 MG/ML SOLUCAO ORAL 120ML SABOR AMEIXA;;;;6,54;39,0;FRS;;;;;;;;;;licitacao-2024-03_0.zip;2024
Ferraz de Vasconcelos;PREFEITURA MUNICIPAL DE FERRAZ DE VASCONCELOS; 2024147483876;Contratacao Direta - Dispensa de licitacao;Medicamentos;LACTULOSE 667 MG/ML SOLUCAO ORAL 120ML SABOR AMEIXA;;;;20,0;39,0;FRS;;;;;;;;;;licitacao-2024-03_0.zip;2024
Ferraz de Vasconcelos;PREFEITURA MUNICIPAL DE FERRAZ DE VASCONCELOS; 2024147483876;Contratacao Direta - Dispensa de licitacao;Medicamentos;LACTULOSE 667 MG/ML SOLUCAO ORAL 120ML SABOR AMEIXA;;;;21,0;39,0;FRS;;;;;;;;;;licitacao-2024-03_0.zip;2024
Ferraz de Vasconcelos;PREFEITURA MUNICIPAL DE FERRAZ DE VASCONCELOS; 2024147483876;Contratacao Direta - Dispensa de licitacao;Medicamentos;LACTULOSE 667 MG/ML SOLUCAO ORAL 120ML SABOR AMEIXA;;;;21,5;39,0;FRS;;;;;;;;;;licitacao-2024-03_0.zip;2024
Ferraz de Vasconcelos;PREFEITURA MUNICIPAL DE FERRAZ DE VASCONCELOS; 2024147483876;Contratacao Direta - Dispensa de licitacao;Medicamentos;LACTULOSE 667 MG/ML SOLUCAO ORAL 120ML SABOR AMEIXA;;;;76,48;39,0;FRS;;;;;;;;;;licitacao-2024-03_0.zip;2024
Ferraz de Vasconcelos;PREFEITURA MUNICIPAL DE FERRAZ DE VASCONCELOS; 2024147483876;Contratacao Direta - Dispensa de licitacao;Medicamentos;LEVOMEPROMAZINA 100MG (NEOZINE 100MG) ;;;;1,0;630,0;COM;;;;;;;;;;licitacao-2024-03_0.zip;2024
Ferraz de Vasconcelos;PREFEITURA MUNICIPAL DE FERRAZ DE VASCONCELOS; 2024147483876;Contratacao Direta - Dispensa de licitacao;Medicamentos;LEVOMEPROMAZINA 100MG (NEOZINE 100MG) ;;;;1,61;630,0;COM;;;;;;;;;;licitacao-2024-03_0.zip;2024
Ferraz de Vasconcelos;PREFEITURA MUNICIPAL DE FERRAZ DE VASCONCELOS; 2024147483876;Contratacao Direta - Dispensa de licitacao;Medicamentos;LEVOMEPROMAZINA 100MG (NEOZINE 100MG) ;;;;2,11;630,0;COM;;;;;;;;;;licitacao-2024-03_0.zip;2024
Ferraz de Vasconcelos;PREFEITURA MUNICIPAL DE FERRAZ DE VASCONCELOS; 2024147483876;Contratacao Direta - Dispensa de licitacao;Medicamentos;LEVOMEPROMAZINA 100MG (NEOZINE 100MG) ;;;;2,61;630,0;COM;;;;;;;;;;licitacao-2024-03_0.zip;2024
Ferraz de Vasconcelos;PREFEITURA MUNICIPAL DE FERRAZ DE VASCONCELOS; 2024147483876;Contratacao Direta - Dispensa de licitacao;Medicamentos;LEVOMEPROMAZINA 100MG (NEOZINE 100MG) ;;;;40,43;630,0;COM;;;;;;;;;;licitacao-2024-03_0.zip;2024
Ferraz de Vasconcelos;PREFEITURA MUNICIPAL DE FERRAZ DE VASCONCELOS; 2024147483876;Contratacao Direta - Dispensa de licitacao;Medicamentos;LOSARTANA POTASSICA 50MG ;;;;0,18;270,0;COM;;;;;;;;;;licitacao-2024-03_0.zip;2024
Ferraz de Vasconcelos;PREFEITURA MUNICIPAL DE FERRAZ DE VASCONCELOS; 2024147483876;Contratacao Direta - Dispensa de licitacao;Medicamentos;LOSARTANA POTASSICA 50MG ;;;;0,19;270,0;COM;;;;;;;;;;licitacao-2024-03_0.zip;2024
Ferraz de Vasconcelos;PREFEITURA MUNICIPAL DE FERRAZ DE VASCONCELOS; 2024147483876;Contratacao Direta - Dispensa de licitacao;Medicamentos;LOSARTANA POTASSICA 50MG ;;;;0,3;270,0;COM;;;;;;;;;;licitacao-2024-03_0.zip;2024
Ferraz de Vasconcelos;PREFEITURA MUNICIPAL DE FERRAZ DE VASCONCELOS; 2024147483876;Contratacao Direta - Dispensa de licitacao;Medicamentos;LOSARTANA POTASSICA 50MG ;;;;0,8;270,0;COM;;;;;;;;;;licitacao-2024-03_0.zip;2024
Ferraz de Vasconcelos;PREFEITURA MUNICIPAL DE FERRAZ DE VASCONCELOS; 2024147483876;Contratacao Direta - Dispensa de licitacao;Medicamentos;LOSARTANA POTASSICA 50MG ;;;;1,3;270,0;COM;;;;;;;;;;licitacao-2024-03_0.zip;2024
Ferraz de Vasconcelos;PREFEITURA MUNICIPAL DE FERRAZ DE VASCONCELOS; 2024147483876;Contratacao Direta - Dispensa de licitacao;Medicamentos;METROPOLOL SUCCINATO 50MG ;;;;1,21;270,0;COM;;;;;;;;;;licitacao-2024-03_0.zip;2024
Ferraz de Vasconcelos;PREFEITURA MUNICIPAL DE FERRAZ DE VASCONCELOS; 2024147483876;Contratacao Direta - Dispensa de licitacao;Medicamentos;METROPOLOL SUCCINATO 50MG ;;;;1,26;270,0;COM;;;;;;;;;;licitacao-2024-03_0.zip;2024
Ferraz de Vasconcelos;PREFEITURA MUNICIPAL DE FERRAZ DE VASCONCELOS; 2024147483876;Contratacao Direta - Dispensa de licitacao;Medicamentos;METROPOLOL SUCCINATO 50MG ;;;;2,59;270,0;COM;;;;;;;;;;licitacao-2024-03_0.zip;2024
Ferraz de Vasconcelos;PREFEITURA MUNICIPAL DE FERRAZ DE VASCONCELOS; 2024147483876;Contratacao Direta - Dispensa de licitacao;Medicamentos;METROPOLOL SUCCINATO 50MG ;;;;3,21;270,0;COM;;;;;;;;;;licitacao-2024-03_0.zip;2024
Ferraz de Vasconcelos;PREFEITURA MUNICIPAL DE FERRAZ DE VASCONCELOS; 2024147483876;Contratacao Direta - Dispensa de licitacao;Medicamentos;METROPOLOL SUCCINATO 50MG ;;;;3,71;270,0;COM;;;;;;;;;;licitacao-2024-03_0.zip;2024
Ferraz de Vasconcelos;PREFEITURA MUNICIPAL DE FERRAZ DE VASCONCELOS; 2024147483876;Contratacao Direta - Dispensa de licitacao;Medicamentos;NISTATINA + OXIDO DE ZINCO 100.000 UI/G + 200MG/G ;;;;7,48;6,0;BIS;;;;;;;;;;licitacao-2024-03_0.zip;2024
Ferraz de Vasconcelos;PREFEITURA MUNICIPAL DE FERRAZ DE VASCONCELOS; 2024147483876;Contratacao Direta - Dispensa de licitacao;Medicamentos;NISTATINA + OXIDO DE ZINCO 100.000 UI/G + 200MG/G ;;;;15,19;6,0;BIS;;;;;;;;;;licitacao-2024-03_0.zip;2024
Ferraz de Vasconcelos;PREFEITURA MUNICIPAL DE FERRAZ DE VASCONCELOS; 2024147483876;Contratacao Direta - Dispensa de licitacao;Medicamentos;NISTATINA + OXIDO DE ZINCO 100.000 UI/G + 200MG/G ;;;;28,0;6,0;BIS;;;;;;;;;;licitacao-2024-03_0.zip;2024
Ferraz de Vasconcelos;PREFEITURA MUNICIPAL DE FERRAZ DE VASCONCELOS; 2024147483876;Contratacao Direta - Dispensa de licitacao;Medicamentos;NISTATINA + OXIDO DE ZINCO 100.000 UI/G + 200MG/G ;;;;28,5;6,0;BIS;;;;;;;;;;licitacao-2024-03_0.zip;2024
Ferraz de Vasconcelos;PREFEITURA MUNICIPAL DE FERRAZ DE VASCONCELOS; 2024147483876;Contratacao Direta - Dispensa de licitacao;Medicamentos;NISTATINA + OXIDO DE ZINCO 100.000 UI/G + 200MG/G ;;;;29,0;6,0;BIS;;;;;;;;;;licitacao-2024-03_0.zip;2024
Ferraz de Vasconcelos;PREFEITURA MUNICIPAL DE FERRAZ DE VASCONCELOS; 2024147483876;Contratacao Direta - Dispensa de licitacao;Medicamentos;ORLISTATE 120MG CAPSULA DURA ;;;;2,22;180,0;CAP;;;;;;;;;;licitacao-2024-03_0.zip;2024
Ferraz de Vasconcelos;PREFEITURA MUNICIPAL DE FERRAZ DE VASCONCELOS; 2024147483876;Contratacao Direta - Dispensa de licitacao;Medicamentos;ORLISTATE 120MG CAPSULA DURA ;;;;3,47;180,0;CAP;;;;;;;;;;licitacao-2024-03_0.zip;2024
Ferraz de Vasconcelos;PREFEITURA MUNICIPAL DE FERRAZ DE VASCONCELOS; 2024147483876;Contratacao Direta - Dispensa de licitacao;Medicamentos;ORLISTATE 120MG CAPSULA DURA ;;;;4,45;180,0;CAP;;;;;;;;;;licitacao-2024-03_0.zip;2024
Ferraz de Vasconcelos;PREFEITURA MUNICIPAL DE FERRAZ DE VASCONCELOS; 2024147483876;Contratacao Direta - Dispensa de licitacao;Medicamentos;ORLISTATE 120MG CAPSULA DURA ;;;;4,95;180,0;CAP;;;;;;;;;;licitacao-2024-03_0.zip;2024
Ferraz de Vasconcelos;PREFEITURA MUNICIPAL DE FERRAZ DE VASCONCELOS; 2024147483876;Contratacao Direta - Dispensa de licitacao;Medicamentos;ORLISTATE 120MG CAPSULA DURA ;;;;5,45;180,0;CAP;;;;;;;;;;licitacao-2024-03_0.zip;2024
Ferraz de Vasconcelos;PREFEITURA MUNICIPAL DE FERRAZ DE VASCONCELOS; 2024147483876;Contratacao Direta - Dispensa de licitacao;Medicamentos;OXCARBAZEPINA 600 MG ;;;;2,71;270,0;COM;;;;;;;;;;licitacao-2024-03_0.zip;2024
Ferraz de Vasconcelos;PREFEITURA MUNICIPAL DE FERRAZ DE VASCONCELOS; 2024147483876;Contratacao Direta - Dispensa de licitacao;Medicamentos;OXCARBAZEPINA 600 MG ;;;;3,2;270,0;COM;;;;;;;;;;licitacao-2024-03_0.zip;2024
Ferraz de Vasconcelos;PREFEITURA MUNICIPAL DE FERRAZ DE VASCONCELOS; 2024147483876;Contratacao Direta - Dispensa de licitacao;Medicamentos;OXCARBAZEPINA 600 MG ;;;;3,97;270,0;COM;;;;;;;;;;licitacao-2024-03_0.zip;2024
Ferraz de Vasconcelos;PREFEITURA MUNICIPAL DE FERRAZ DE VASCONCELOS; 2024147483876;Contratacao Direta - Dispensa de licitacao;Medicamentos;OXCARBAZEPINA 600 MG ;;;;4,47;270,0;COM;;;;;;;;;;licitacao-2024-03_0.zip;2024
Ferraz de Vasconcelos;PREFEITURA MUNICIPAL DE FERRAZ DE VASCONCELOS; 2024147483876;Contratacao Direta - Dispensa de licitacao;Medicamentos;OXCARBAZEPINA 600 MG ;;;;4,97;270,0;COM;;;;;;;;;;licitacao-2024-03_0.zip;2024
Ferraz de Vasconcelos;PREFEITURA MUNICIPAL DE FERRAZ DE VASCONCELOS; 2024147483876;Contratacao Direta - Dispensa de licitacao;Medicamentos;OXIBUTININA CLORETO 5MG COMPRIMIDOS ;;;;1,2;1620,0;COM;;;;;;;;;;licitacao-2024-03_0.zip;2024
Ferraz de Vasconcelos;PREFEITURA MUNICIPAL DE FERRAZ DE VASCONCELOS; 2024147483876;Contratacao Direta - Dispensa de licitacao;Medicamentos;OXIBUTININA CLORETO 5MG COMPRIMIDOS ;;;;1,66;1620,0;COM;;;;;;;;;;licitacao-2024-03_0.zip;2024
Ferraz de Vasconcelos;PREFEITURA MUNICIPAL DE FERRAZ DE VASCONCELOS; 2024147483876;Contratacao Direta - Dispensa de licitacao;Medicamentos;OXIBUTININA CLORETO 5MG COMPRIMIDOS ;;;;1,7;1620,0;COM;;;;;;;;;;licitacao-2024-03_0.zip;2024
Ferraz de Vasconcelos;PREFEITURA MUNICIPAL DE FERRAZ DE VASCONCELOS; 2024147483876;Contratacao Direta - Dispensa de licitacao;Medicamentos;OXIBUTININA CLORETO 5MG COMPRIMIDOS ;;;;2,2;1620,0;COM;;;;;;;;;;licitacao-2024-03_0.zip;2024
Ferraz de Vasconcelos;PREFEITURA MUNICIPAL DE FERRAZ DE VASCONCELOS; 2024147483876;Contratacao Direta - Dispensa de licitacao;Medicamentos;PELARGONIUM SIDOIDES DC.GOTAS KALOBA 825MG/ML 20ML ;;;;91,18;6,0;FRS;;;;;;;;;;licitacao-2024-03_0.zip;2024
Ferraz de Vasconcelos;PREFEITURA MUNICIPAL DE FERRAZ DE VASCONCELOS; 2024147483876;Contratacao Direta - Dispensa de licitacao;Medicamentos;PELARGONIUM SIDOIDES DC.GOTAS KALOBA 825MG/ML 20ML ;;;;94,62;6,0;FRS;;;;;;;;;;licitacao-2024-03_0.zip;2024
Ferraz de Vasconcelos;PREFEITURA MUNICIPAL DE FERRAZ DE VASCONCELOS; 2024147483876;Contratacao Direta - Dispensa de licitacao;Medicamentos;PELARGONIUM SIDOIDES DC.GOTAS KALOBA 825MG/ML 20ML ;;;;95,12;6,0;FRS;;;;;;;;;;licitacao-2024-03_0.zip;2024
Ferraz de Vasconcelos;PREFEITURA MUNICIPAL DE FERRAZ DE VASCONCELOS; 2024147483876;Contratacao Direta - Dispensa de licitacao;Medicamentos;PELARGONIUM SIDOIDES DC.GOTAS KALOBA 825MG/ML 20ML ;;;;95,62;6,0;FRS;;;;;;;;;;licitacao-2024-03_0.zip;2024
Ferraz de Vasconcelos;PREFEITURA MUNICIPAL DE FERRAZ DE VASCONCELOS; 2024147483876;Contratacao Direta - Dispensa de licitacao;Medicamentos;PELARGONIUM SIDOIDES DC.GOTAS KALOBA 825MG/ML 20ML ;;;;131,78;6,0;FRS;;;;;;;;;;licitacao-2024-03_0.zip;2024
Ferraz de Vasconcelos;PREFEITURA MUNICIPAL DE FERRAZ DE VASCONCELOS; 2024147483876;Contratacao Direta - Dispensa de licitacao;Medicamentos;PIOGLITAZONA CLORIDATO 45 MG ;;;;5,69;180,0;COM;;;;;;;;;;licitacao-2024-03_0.zip;2024
Ferraz de Vasconcelos;PREFEITURA MUNICIPAL DE FERRAZ DE VASCONCELOS; 2024147483876;Contratacao Direta - Dispensa de licitacao;Medicamentos;PIOGLITAZONA CLORIDATO 45 MG ;;;;9,5;180,0;COM;;;;;;;;;;licitacao-2024-03_0.zip;2024
Ferraz de Vasconcelos;PREFEITURA MUNICIPAL DE FERRAZ DE VASCONCELOS; 2024147483876;Contratacao Direta - Dispensa de licitacao;Medicamentos;PIOGLITAZONA CLORIDATO 45 MG ;;;;9,7;180,0;COM;;;;;;;;;;licitacao-2024-03_0.zip;2024
Ferraz de Vasconcelos;PREFEITURA MUNICIPAL DE FERRAZ DE VASCONCELOS; 2024147483876;Contratacao Direta - Dispensa de licitacao;Medicamentos;PIOGLITAZONA CLORIDATO 45 MG ;;;;10,2;180,0;COM;;;;;;;;;;licitacao-2024-03_0.zip;2024
Ferraz de Vasconcelos;PREFEITURA MUNICIPAL DE FERRAZ DE VASCONCELOS; 2024147483876;Contratacao Direta - Dispensa de licitacao;Medicamentos;PIOGLITAZONA CLORIDATO 45 MG ;;;;10,7;180,0;COM;;;;;;;;;;licitacao-2024-03_0.zip;2024
Ferraz de Vasconcelos;PREFEITURA MUNICIPAL DE FERRAZ DE VASCONCELOS; 2024147483876;Contratacao Direta - Dispensa de licitacao;Medicamentos;PREGABALINA 75MG CAPSULA DURA ;;;;0,44;360,0;CAP;;;;;;;;;;licitacao-2024-03_0.zip;2024
Ferraz de Vasconcelos;PREFEITURA MUNICIPAL DE FERRAZ DE VASCONCELOS; 2024147483876;Contratacao Direta - Dispensa de licitacao;Medicamentos;PREGABALINA 75MG CAPSULA DURA ;;;;0,96;360,0;CAP;;;;;;;;;;licitacao-2024-03_0.zip;2024
Ferraz de Vasconcelos;PREFEITURA MUNICIPAL DE FERRAZ DE VASCONCELOS; 2024147483876;Contratacao Direta - Dispensa de licitacao;Medicamentos;PREGABALINA 75MG CAPSULA DURA ;;;;3,16;360,0;CAP;;;;;;;;;;licitacao-2024-03_0.zip;2024
Ferraz de Vasconcelos;PREFEITURA MUNICIPAL DE FERRAZ DE VASCONCELOS; 2024147483876;Contratacao Direta - Dispensa de licitacao;Medicamentos;PREGABALINA 75MG CAPSULA DURA ;;;;3,66;360,0;CAP;;;;;;;;;;licitacao-2024-03_0.zip;2024
Ferraz de Vasconcelos;PREFEITURA MUNICIPAL DE FERRAZ DE VASCONCELOS; 2024147483876;Contratacao Direta - Dispensa de licitacao;Medicamentos;PREGABALINA 75MG CAPSULA DURA ;;;;4,16;360,0;CAP;;;;;;;;;;licitacao-2024-03_0.zip;2024
Ferraz de Vasconcelos;PREFEITURA MUNICIPAL DE FERRAZ DE VASCONCELOS; 2024147483876;Contratacao Direta - Dispensa de licitacao;Medicamentos;QUETIAPINA HEMIFUMARATO 25 MG COMPRIMIDOS REVEST. ;;;;0,27;270,0;COM;;;;;;;;;;licitacao-2024-03_0.zip;2024
Ferraz de Vasconcelos;PREFEITURA MUNICIPAL DE FERRAZ DE VASCONCELOS; 2024147483876;Contratacao Direta - Dispensa de licitacao;Medicamentos;QUETIAPINA HEMIFUMARATO 25 MG COMPRIMIDOS REVEST. ;;;;0,58;270,0;COM;;;;;;;;;;licitacao-2024-03_0.zip;2024
Ferraz de Vasconcelos;PREFEITURA MUNICIPAL DE FERRAZ DE VASCONCELOS; 2024147483876;Contratacao Direta - Dispensa de licitacao;Medicamentos;QUETIAPINA HEMIFUMARATO 25 MG COMPRIMIDOS REVEST. ;;;;3,43;270,0;COM;;;;;;;;;;licitacao-2024-03_0.zip;2024
Ferraz de Vasconcelos;PREFEITURA MUNICIPAL DE FERRAZ DE VASCONCELOS; 2024147483876;Contratacao Direta - Dispensa de licitacao;Medicamentos;QUETIAPINA HEMIFUMARATO 25 MG COMPRIMIDOS REVEST. ;;;;3,93;270,0;COM;;;;;;;;;;licitacao-2024-03_0.zip;2024
Ferraz de Vasconcelos;PREFEITURA MUNICIPAL DE FERRAZ DE VASCONCELOS; 2024147483876;Contratacao Direta - Dispensa de licitacao;Medicamentos;QUETIAPINA HEMIFUMARATO 25 MG COMPRIMIDOS REVEST. ;;;;4,93;270,0;COM;;;;;;;;;;licitacao-2024-03_0.zip;2024
Ferraz de Vasconcelos;PREFEITURA MUNICIPAL DE FERRAZ DE VASCONCELOS; 2024147483876;Contratacao Direta - Dispensa de licitacao;Medicamentos;RINOSORO JET 0,9% INFANTIL SPRAY 100ML ;;;;46,48;9,0;FRS;;;;;;;;;;licitacao-2024-03_0.zip;2024
Ferraz de Vasconcelos;PREFEITURA MUNICIPAL DE FERRAZ DE VASCONCELOS; 2024147483876;Contratacao Direta - Dispensa de licitacao;Medicamentos;RINOSORO JET 0,9% INFANTIL SPRAY 100ML ;;;;46,98;9,0;FRS;;;;;;;;;;licitacao-2024-03_0.zip;2024
Ferraz de Vasconcelos;PREFEITURA MUNICIPAL DE FERRAZ DE VASCONCELOS; 2024147483876;Contratacao Direta - Dispensa de licitacao;Medicamentos;RINOSORO JET 0,9% INFANTIL SPRAY 100ML ;;;;47,78;9,0;FRS;;;;;;;;;;licitacao-2024-03_0.zip;2024
Ferraz de Vasconcelos;PREFEITURA MUNICIPAL DE FERRAZ DE VASCONCELOS; 2024147483876;Contratacao Direta - Dispensa de licitacao;Medicamentos;RINOSORO JET 0,9% INFANTIL SPRAY 100ML ;;;;64,66;9,0;FRS;;;;;;;;;;licitacao-2024-03_0.zip;2024
Ferraz de Vasconcelos;PREFEITURA MUNICIPAL DE FERRAZ DE VASCONCELOS; 2024147483876;Contratacao Direta - Dispensa de licitacao;Medicamentos;RIVAROXABANA 15MG ;;;;1,3;91,0;COM;;;;;;;;;;licitacao-2024-03_0.zip;2024
Ferraz de Vasconcelos;PREFEITURA MUNICIPAL DE FERRAZ DE VASCONCELOS; 2024147483876;Contratacao Direta - Dispensa de licitacao;Medicamentos;RIVAROXABANA 15MG ;;;;1,58;91,0;COM;;;;;;;;;;licitacao-2024-03_0.zip;2024
Ferraz de Vasconcelos;PREFEITURA MUNICIPAL DE FERRAZ DE VASCONCELOS; 2024147483876;Contratacao Direta - Dispensa de licitacao;Medicamentos;RIVAROXABANA 15MG ;;;;14,02;91,0;COM;;;;;;;;;;licitacao-2024-03_0.zip;2024
Ferraz de Vasconcelos;PREFEITURA MUNICIPAL DE FERRAZ DE VASCONCELOS; 2024147483876;Contratacao Direta - Dispensa de licitacao;Medicamentos;RIVAROXABANA 15MG ;;;;14,52;91,0;COM;;;;;;;;;;licitacao-2024-03_0.zip;2024
Ferraz de Vasconcelos;PREFEITURA MUNICIPAL DE FERRAZ DE VASCONCELOS; 2024147483876;Contratacao Direta - Dispensa de licitacao;Medicamentos;RIVAROXABANA 15MG ;;;;15,02;91,0;COM;;;;;;;;;;licitacao-2024-03_0.zip;2024
Ferraz de Vasconcelos;PREFEITURA MUNICIPAL DE FERRAZ DE VASCONCELOS; 2024147483876;Contratacao Direta - Dispensa de licitacao;Medicamentos;SINVASTATINA 10MG ;;;;0,09;90,0;COM;;;;;;;;;;licitacao-2024-03_0.zip;2024
Ferraz de Vasconcelos;PREFEITURA MUNICIPAL DE FERRAZ DE VASCONCELOS; 2024147483876;Contratacao Direta - Dispensa de licitacao;Medicamentos;SINVASTATINA 10MG ;;;;0,3;90,0;COM;;;;;;;;;;licitacao-2024-03_0.zip;2024
Ferraz de Vasconcelos;PREFEITURA MUNICIPAL DE FERRAZ DE VASCONCELOS; 2024147483876;Contratacao Direta - Dispensa de licitacao;Medicamentos;SINVASTATINA 10MG ;;;;0,84;90,0;COM;;;;;;;;;;licitacao-2024-03_0.zip;2024
Ferraz de Vasconcelos;PREFEITURA MUNICIPAL DE FERRAZ DE VASCONCELOS; 2024147483876;Contratacao Direta - Dispensa de licitacao;Medicamentos;SINVASTATINA 10MG ;;;;1,34;90,0;COM;;;;;;;;;;licitacao-2024-03_0.zip;2024
Ferraz de Vasconcelos;PREFEITURA MUNICIPAL DE FERRAZ DE VASCONCELOS; 2024147483876;Contratacao Direta - Dispensa de licitacao;Medicamentos;SINVASTATINA 10MG ;;;;1,84;90,0;COM;;;;;;;;;;licitacao-2024-03_0.zip;2024
Ferraz de Vasconcelos;PREFEITURA MUNICIPAL DE FERRAZ DE VASCONCELOS; 2024147483876;Contratacao Direta - Dispensa de licitacao;Medicamentos;TICAGRELOR 90MG ;;;;6,04;180,0;UN;;;;;;;;;;licitacao-2024-03_0.zip;2024
Ferraz de Vasconcelos;PREFEITURA MUNICIPAL DE FERRAZ DE VASCONCELOS; 2024147483876;Contratacao Direta - Dispensa de licitacao;Medicamentos;TICAGRELOR 90MG ;;;;7,93;180,0;UN;;;;;;;;;;licitacao-2024-03_0.zip;2024
Ferraz de Vasconcelos;PREFEITURA MUNICIPAL DE FERRAZ DE VASCONCELOS; 2024147483876;Contratacao Direta - Dispensa de licitacao;Medicamentos;TICAGRELOR 90MG ;;;;8,46;180,0;UN;;;;;;;;;;licitacao-2024-03_0.zip;2024
Ferraz de Vasconcelos;PREFEITURA MUNICIPAL DE FERRAZ DE VASCONCELOS; 2024147483876;Contratacao Direta - Dispensa de licitacao;Medicamentos;TICAGRELOR 90MG ;;;;8,96;180,0;UN;;;;;;;;;;licitacao-2024-03_0.zip;2024
Ferraz de Vasconcelos;PREFEITURA MUNICIPAL DE FERRAZ DE VASCONCELOS; 2024147483876;Contratacao Direta - Dispensa de licitacao;Medicamentos;TICAGRELOR 90MG ;;;;21,18;180,0;UN;;;;;;;;;;licitacao-2024-03_0.zip;2024
Ferraz de Vasconcelos;PREFEITURA MUNICIPAL DE FERRAZ DE VASCONCELOS; 2024147483876;Contratacao Direta - Dispensa de licitacao;Medicamentos;TIOTROPIO BROMETO 2,5 MCG (60 DOSES) DOSE SOL INAL CT FR PLAS 4ML L (60 DOSES) +RESPIMAT;;;;350,32;3,0;FRS;;;;;;;;;;licitacao-2024-03_0.zip;2024
Ferraz de Vasconcelos;PREFEITURA MUNICIPAL DE FERRAZ DE VASCONCELOS; 2024147483876;Contratacao Direta - Dispensa de licitacao;Medicamentos;TIOTROPIO BROMETO 2,5 MCG (60 DOSES) DOSE SOL INAL CT FR PLAS 4ML L (60 DOSES) +RESPIMAT;;;;545,04;3,0;FRS;;;;;;;;;;licitacao-2024-03_0.zip;2024
Ferraz de Vasconcelos;PREFEITURA MUNICIPAL DE FERRAZ DE VASCONCELOS; 2024147483876;Contratacao Direta - Dispensa de licitacao;Medicamentos;TOPIRAMATO 100 MG ;;;;1,23;540,0;COM;;;;;;;;;;licitacao-2024-03_0.zip;2024
Ferraz de Vasconcelos;PREFEITURA MUNICIPAL DE FERRAZ DE VASCONCELOS; 2024147483876;Contratacao Direta - Dispensa de licitacao;Medicamentos;TOPIRAMATO 100 MG ;;;;1,38;540,0;COM;;;;;;;;;;licitacao-2024-03_0.zip;2024
Ferraz de Vasconcelos;PREFEITURA MUNICIPAL DE FERRAZ DE VASCONCELOS; 2024147483876;Contratacao Direta - Dispensa de licitacao;Medicamentos;TOPIRAMATO 100 MG ;;;;4,11;540,0;COM;;;;;;;;;;licitacao-2024-03_0.zip;2024
Ferraz de Vasconcelos;PREFEITURA MUNICIPAL DE FERRAZ DE VASCONCELOS; 2024147483876;Contratacao Direta - Dispensa de licitacao;Medicamentos;TOPIRAMATO 100 MG ;;;;4,61;540,0;COM;;;;;;;;;;licitacao-2024-03_0.zip;2024
Ferraz de Vasconcelos;PREFEITURA MUNICIPAL DE FERRAZ DE VASCONCELOS; 2024147483876;Contratacao Direta - Dispensa de licitacao;Medicamentos;TOPIRAMATO 100 MG ;;;;5,11;540,0;COM;;;;;;;;;;licitacao-2024-03_0.zip;2024
Ferraz de Vasconcelos;PREFEITURA MUNICIPAL DE FERRAZ DE VASCONCELOS; 2024147483876;Contratacao Direta - Dispensa de licitacao;Medicamentos;VALSARTANA + SACUBITRIL 24/26MG ENTRESTO 50MG ;;;;3,99;90,0;COM;;;;;;;;;;licitacao-2024-03_0.zip;2024
Ferraz de Vasconcelos;PREFEITURA MUNICIPAL DE FERRAZ DE VASCONCELOS; 2024147483876;Contratacao Direta - Dispensa de licitacao;Medicamentos;VALSARTANA + SACUBITRIL 24/26MG ENTRESTO 50MG ;;;;8,56;90,0;COM;;;;;;;;;;licitacao-2024-03_0.zip;2024
Ferraz de Vasconcelos;PREFEITURA MUNICIPAL DE FERRAZ DE VASCONCELOS; 2024147483876;Contratacao Direta - Dispensa de licitacao;Medicamentos;VALSARTANA + SACUBITRIL 24/26MG ENTRESTO 50MG ;;;;9,06;90,0;COM;;;;;;;;;;licitacao-2024-03_0.zip;2024
Ferraz de Vasconcelos;PREFEITURA MUNICIPAL DE FERRAZ DE VASCONCELOS; 2024147483876;Contratacao Direta - Dispensa de licitacao;Medicamentos;VALSARTANA + SACUBITRIL 24/26MG ENTRESTO 50MG ;;;;9,56;90,0;COM;;;;;;;;;;licitacao-2024-03_0.zip;2024
Ferraz de Vasconcelos;PREFEITURA MUNICIPAL DE FERRAZ DE VASCONCELOS; 2024147483876;Contratacao Direta - Dispensa de licitacao;Medicamentos;VALSARTANA + SACUBITRIL 24/26MG ENTRESTO 50MG ;;;;9,59;90,0;COM;;;;;;;;;;licitacao-2024-03_0.zip;2024
Ferraz de Vasconcelos;PREFEITURA MUNICIPAL DE FERRAZ DE VASCONCELOS; 2024147483904;Contratacao Direta - Dispensa de licitacao;Medicamentos;AGULHA PARA CANETA DE INSULINA ;;;;99,66;4,0;CX;;;;;;;;;;licitacao-2024-03_0.zip;2024
Ferraz de Vasconcelos;PREFEITURA MUNICIPAL DE FERRAZ DE VASCONCELOS; 2024147483904;Contratacao Direta - Dispensa de licitacao;Medicamentos;AGULHA PARA CANETA DE INSULINA ;;;;102,5;4,0;CX;;;;;;;;;;licitacao-2024-03_0.zip;2024
Ferraz de Vasconcelos;PREFEITURA MUNICIPAL DE FERRAZ DE VASCONCELOS; 2024147483904;Contratacao Direta - Dispensa de licitacao;Medicamentos;AGULHA PARA CANETA DE INSULINA ;;;;116,9;4,0;CX;;;;;;;;;;licitacao-2024-03_0.zip;2024
Ferraz de Vasconcelos;PREFEITURA MUNICIPAL DE FERRAZ DE VASCONCELOS; 2024147483904;Contratacao Direta - Dispensa de licitacao;Medicamentos;CANULA FLEXIVEL ACCU-CHECK FLEXLINK CANULA 6MM CAIXA COM 10 UNIDADES - CANULA FLEXIVEL COM INSERCAO A 90 CATETER DE TELFON, ADESIVO DESCONECTAVEL;;;;714,0;4,0;CX;;;;;;;;;;licitacao-2024-03_0.zip;2024
Ferraz de Vasconcelos;PREFEITURA MUNICIPAL DE FERRAZ DE VASCONCELOS; 2024147483904;Contratacao Direta - Dispensa de licitacao;Medicamentos;CANULA FLEXIVEL ACCU-CHECK FLEXLINK CANULA 6MM CAIXA COM 10 UNIDADES - CANULA FLEXIVEL COM INSERCAO A 90 CATETER DE TELFON, ADESIVO DESCONECTAVEL;;;;929,9;4,0;CX;;;;;;;;;;licitacao-2024-03_0.zip;2024
Ferraz de Vasconcelos;PREFEITURA MUNICIPAL DE FERRAZ DE VASCONCELOS; 2024147483904;Contratacao Direta - Dispensa de licitacao;Medicamentos;CANULA FLEXIVEL ACCU-CHECK FLEXLINK CANULA 6MM CAIXA COM 10 UNIDADES - CANULA FLEXIVEL COM INSERCAO A 90 CATETER DE TELFON, ADESIVO DESCONECTAVEL;;;;947,21;4,0;CX;;;;;;;;;;licitacao-2024-03_0.zip;2024
Ferraz de Vasconcelos;PREFEITURA MUNICIPAL DE FERRAZ DE VASCONCELOS; 2024147483904;Contratacao Direta - Dispensa de licitacao;Medicamentos;CANULA FLEXIVEL ACCU-CHECK FLEXLINK CANULA 6MM CAIXA COM 10 UNIDADES - CANULA FLEXIVEL COM INSERCAO A 90 CATETER DE TELFON, ADESIVO DESCONECTAVEL;;;;980,0;4,0;CX;;;;;;;;;;licitacao-2024-03_0.zip;2024
Ferraz de Vasconcelos;PREFEITURA MUNICIPAL DE FERRAZ DE VASCONCELOS; 2024147483904;Contratacao Direta - Dispensa de licitacao;Medicamentos;CANULA FLEXIVEL ACCU-CHECK FLEXLINK CANULA 6MM CAIXA COM 10 UNIDADES - CANULA FLEXIVEL COM INSERCAO A 90 CATETER DE TELFON, ADESIVO DESCONECTAVEL;;;;1804,0;4,0;CX;;;;;;;;;;licitacao-2024-03_0.zip;2024
Ferraz de Vasconcelos;PREFEITURA MUNICIPAL DE FERRAZ DE VASCONCELOS; 2024147483904;Contratacao Direta - Dispensa de licitacao;Medicamentos;CANULA FLEXIVEL ACCU-CHECK FLEXLINK I 6MM/60CM COM INSERCAO A 90,CAIXA COM 10 CANULA E 10 CATETES,TEFLON,TAMANHO DA CANULA:6MM,TAMANHO DO CATETER60CM,DESCONECTAVEL.;;;;1047,0;4,0;CX;;;;;;;;;;licitacao-2024-03_0.zip;2024
Ferraz de Vasconcelos;PREFEITURA MUNICIPAL DE FERRAZ DE VASCONCELOS; 2024147483904;Contratacao Direta - Dispensa de licitacao;Medicamentos;CANULA FLEXIVEL ACCU-CHECK FLEXLINK I 6MM/60CM COM INSERCAO A 90,CAIXA COM 10 CANULA E 10 CATETES,TEFLON,TAMANHO DA CANULA:6MM,TAMANHO DO CATETER60CM,DESCONECTAVEL.;;;;1413,5;4,0;CX;;;;;;;;;;licitacao-2024-03_0.zip;2024
Ferraz de Vasconcelos;PREFEITURA MUNICIPAL DE FERRAZ DE VASCONCELOS; 2024147483904;Contratacao Direta - Dispensa de licitacao;Medicamentos;CANULA FLEXIVEL ACCU-CHECK FLEXLINK I 6MM/60CM COM INSERCAO A 90,CAIXA COM 10 CANULA E 10 CATETES,TEFLON,TAMANHO DA CANULA:6MM,TAMANHO DO CATETER60CM,DESCONECTAVEL.;;;;1439,05;4,0;CX;;;;;;;;;;licitacao-2024-03_0.zip;2024
Ferraz de Vasconcelos;PREFEITURA MUNICIPAL DE FERRAZ DE VASCONCELOS; 2024147483904;Contratacao Direta - Dispensa de licitacao;Medicamentos;CANULA FLEXIVEL ACCU-CHECK FLEXLINK I 6MM/60CM COM INSERCAO A 90,CAIXA COM 10 CANULA E 10 CATETES,TEFLON,TAMANHO DA CANULA:6MM,TAMANHO DO CATETER60CM,DESCONECTAVEL.;;;;1522,0;4,0;CX;;;;;;;;;;licitacao-2024-03_0.zip;2024
Ferraz de Vasconcelos;PREFEITURA MUNICIPAL DE FERRAZ DE VASCONCELOS; 2024147483904;Contratacao Direta - Dispensa de licitacao;Medicamentos;CARTUCHO DE INSULINA P/ SPIRIT COMBO ;;;;724,0;3,0;UN;;;;;;;;;;licitacao-2024-03_0.zip;2024
Ferraz de Vasconcelos;PREFEITURA MUNICIPAL DE FERRAZ DE VASCONCELOS; 2024147483904;Contratacao Direta - Dispensa de licitacao;Medicamentos;CARTUCHO DE INSULINA P/ SPIRIT COMBO ;;;;945,0;3,0;UN;;;;;;;;;;licitacao-2024-03_0.zip;2024
Ferraz de Vasconcelos;PREFEITURA MUNICIPAL DE FERRAZ DE VASCONCELOS; 2024147483904;Contratacao Direta - Dispensa de licitacao;Medicamentos;CARTUCHO DE INSULINA P/ SPIRIT COMBO ;;;;960,12;3,0;UN;;;;;;;;;;licitacao-2024-03_0.zip;2024
Ferraz de Vasconcelos;PREFEITURA MUNICIPAL DE FERRAZ DE VASCONCELOS; 2024147483904;Contratacao Direta - Dispensa de licitacao;Medicamentos;CARTUCHO DE INSULINA P/ SPIRIT COMBO ;;;;972,0;3,0;UN;;;;;;;;;;licitacao-2024-03_0.zip;2024
Ferraz de Vasconcelos;PREFEITURA MUNICIPAL DE FERRAZ DE VASCONCELOS; 2024147483904;Contratacao Direta - Dispensa de licitacao;Medicamentos;TAMBOR COM 6 LANCETAS ACCU-CHECK FAST CLIX CAIXA COM 4 TAMBORES,COM 6 LANCETAS EMBUTIDAS EMCADA TAMBOR 38X38X62.;;;;0,63;372,0;TB;;;;;;;;;;licitacao-2024-03_0.zip;2024
Ferraz de Vasconcelos;PREFEITURA MUNICIPAL DE FERRAZ DE VASCONCELOS; 2024147483904;Contratacao Direta - Dispensa de licitacao;Medicamentos;TAMBOR COM 6 LANCETAS ACCU-CHECK FAST CLIX CAIXA COM 4 TAMBORES,COM 6 LANCETAS EMBUTIDAS EMCADA TAMBOR 38X38X62.;;;;0,64;372,0;TB;;;;;;;;;;licitacao-2024-03_0.zip;2024
Ferraz de Vasconcelos;PREFEITURA MUNICIPAL DE FERRAZ DE VASCONCELOS; 2024147483904;Contratacao Direta - Dispensa de licitacao;Medicamentos;TAMBOR COM 6 LANCETAS ACCU-CHECK FAST CLIX CAIXA COM 4 TAMBORES,COM 6 LANCETAS EMBUTIDAS EMCADA TAMBOR 38X38X62.;;;;0,67;372,0;TB;;;;;;;;;;licitacao-2024-03_0.zip;2024
Ferraz de Vasconcelos;PREFEITURA MUNICIPAL DE FERRAZ DE VASCONCELOS; 2024147483904;Contratacao Direta - Dispensa de licitacao;Medicamentos;TIRA TESTE PARA MONITORAMENTO DE GLICEMIA ;;;;2,31;2015,0;UN;;;;;;;;;;licitacao-2024-03_0.zip;2024
Ferraz de Vasconcelos;PREFEITURA MUNICIPAL DE FERRAZ DE VASCONCELOS; 2024147483904;Contratacao Direta - Dispensa de licitacao;Medicamentos;TIRA TESTE PARA MONITORAMENTO DE GLICEMIA ;;;;2,44;2015,0;UN;;;;;;;;;;licitacao-2024-03_0.zip;2024
Ferraz de Vasconcelos;PREFEITURA MUNICIPAL DE FERRAZ DE VASCONCELOS; 2024147483904;Contratacao Direta - Dispensa de licitacao;Medicamentos;TIRA TESTE PARA MONITORAMENTO DE GLICEMIA ;;;;2,45;2015,0;UN;;;;;;;;;;licitacao-2024-03_0.zip;2024
Ferraz de Vasconcelos;PREFEITURA MUNICIPAL DE FERRAZ DE VASCONCELOS; 2024147483904;Contratacao Direta - Dispensa de licitacao;Medicamentos;TIRA TESTE PARA MONITORAMENTO DE GLICEMIA ;;;;2,8;2015,0;UN;;;;;;;;;;licitacao-2024-03_0.zip;2024
Ferraz de Vasconcelos;PREFEITURA MUNICIPAL DE FERRAZ DE VASCONCELOS; 2024000000246;Contratacao Direta - Dispensa de licitacao;Medicamentos;INSULINA ASPARTE 100 UI/ML CANETA 3ML ;;;;55,11;85,0;UN;;;;;;;;;;licitacao-2024-11_0.zip;2024
Ferraz de Vasconcelos;PREFEITURA MUNICIPAL DE FERRAZ DE VASCONCELOS; 2024000000246;Contratacao Direta - Dispensa de licitacao;Medicamentos;INSULINA ASPARTE 100 UI/ML CANETA 3ML ;;;;61,76;85,0;UN;;;;;;;;;;licitacao-2024-11_0.zip;2024
Ferraz de Vasconcelos;PREFEITURA MUNICIPAL DE FERRAZ DE VASCONCELOS; 2024000000246;Contratacao Direta - Dispensa de licitacao;Medicamentos;INSULINA ASPARTE 100 UI/ML CANETA 3ML ;;;;63,49;85,0;UN;;;;;;;;;;licitacao-2024-11_0.zip;2024
Ferraz de Vasconcelos;PREFEITURA MUNICIPAL DE FERRAZ DE VASCONCELOS; 2024000000246;Contratacao Direta - Dispensa de licitacao;Medicamentos;INSULINA ASPARTE 100 UI/ML CANETA 3ML ;;;;70,0;85,0;UN;;;;;;;;;;licitacao-2024-11_0.zip;2024
Ferraz de Vasconcelos;PREFEITURA MUNICIPAL DE FERRAZ DE VASCONCELOS; 2024000000246;Contratacao Direta - Dispensa de licitacao;Medicamentos;INSULINA GLARGINA 100 UI/ML CANETA 3 ML ;;;;54,02;30,0;UN;;;;;;;;;;licitacao-2024-11_0.zip;2024
Ferraz de Vasconcelos;PREFEITURA MUNICIPAL DE FERRAZ DE VASCONCELOS; 2024000000246;Contratacao Direta - Dispensa de licitacao;Medicamentos;INSULINA GLARGINA 100 UI/ML CANETA 3 ML ;;;;54,59;30,0;UN;;;;;;;;;;licitacao-2024-11_0.zip;2024
Ferraz de Vasconcelos;PREFEITURA MUNICIPAL DE FERRAZ DE VASCONCELOS; 2024000000246;Contratacao Direta - Dispensa de licitacao;Medicamentos;INSULINA GLARGINA 100 UI/ML CANETA 3 ML ;;;;57,19;30,0;UN;;;;;;;;;;licitacao-2024-11_0.zip;2024
Ferraz de Vasconcelos;PREFEITURA MUNICIPAL DE FERRAZ DE VASCONCELOS; 2024000000246;Contratacao Direta - Dispensa de licitacao;Medicamentos;INSULINA GLARGINA 100 UI/ML CANETA 3 ML ;;;;63,63;30,0;UN;;;;;;;;;;licitacao-2024-11_0.zip;2024
Ferraz de Vasconcelos;PREFEITURA MUNICIPAL DE FERRAZ DE VASCONCELOS; 2024000000246;Contratacao Direta - Dispensa de licitacao;Medicamentos;INSULINA LISPRO 100UI/ML CANETA 3 ML ;;;;53,87;30,0;UN;;;;;;;;;;licitacao-2024-11_0.zip;2024
Ferraz de Vasconcelos;PREFEITURA MUNICIPAL DE FERRAZ DE VASCONCELOS; 2024000000246;Contratacao Direta - Dispensa de licitacao;Medicamentos;INSULINA LISPRO 100UI/ML CANETA 3 ML ;;;;59,11;30,0;UN;;;;;;;;;;licitacao-2024-11_0.zip;2024
Ferraz de Vasconcelos;PREFEITURA MUNICIPAL DE FERRAZ DE VASCONCELOS; 2024000000246;Contratacao Direta - Dispensa de licitacao;Medicamentos;INSULINA LISPRO 100UI/ML CANETA 3 ML ;;;;59,4;30,0;UN;;;;;;;;;;licitacao-2024-11_0.zip;2024
Ferraz de Vasconcelos;PREFEITURA MUNICIPAL DE FERRAZ DE VASCONCELOS; 2024000000246;Contratacao Direta - Dispensa de licitacao;Medicamentos;INSULINA LISPRO 100UI/ML CANETA 3 ML ;;;;61,4;30,0;UN;;;;;;;;;;licitacao-2024-11_0.zip;2024
Ferraz de Vasconcelos;PREFEITURA MUNICIPAL DE FERRAZ DE VASCONCELOS; 2024000000246;Contratacao Direta - Dispensa de licitacao;Medicamentos;SENSOR DE GLICOSE FREESTYLE LIBRE ;;;;329,9;30,0;UN;;;;;;;;;;licitacao-2024-11_0.zip;2024
Ferraz de Vasconcelos;PREFEITURA MUNICIPAL DE FERRAZ DE VASCONCELOS; 2024000000246;Contratacao Direta - Dispensa de licitacao;Medicamentos;SENSOR DE GLICOSE FREESTYLE LIBRE ;;;;359,0;30,0;UN;;;;;;;;;;licitacao-2024-11_0.zip;2024
Ferraz de Vasconcelos;PREFEITURA MUNICIPAL DE FERRAZ DE VASCONCELOS; 2024000000246;Contratacao Direta - Dispensa de licitacao;Medicamentos;SENSOR DE GLICOSE FREESTYLE LIBRE ;;;;368,96;30,0;UN;;;;;;;;;;licitacao-2024-11_0.zip;2024
Ferraz de Vasconcelos;PREFEITURA MUNICIPAL DE FERRAZ DE VASCONCELOS; 2024000000246;Contratacao Direta - Dispensa de licitacao;Medicamentos;SENSOR DE GLICOSE FREESTYLE LIBRE ;;;;399,0;30,0;UN;;;;;;;;;;licitacao-2024-11_0.zip;2024
Ferraz de Vasconcelos;PREFEITURA MUNICIPAL DE FERRAZ DE VASCONCELOS; 2024000000256;Contratacao Direta - Dispensa de licitacao;Medicamentos;ACETILCISTEINA 100MG/ML AMPOLA 3ML ;;;;4,3;240,0;AMP;;;;;;;;;;licitacao-2024-12_0.zip;2024
Ferraz de Vasconcelos;PREFEITURA MUNICIPAL DE FERRAZ DE VASCONCELOS; 2024000000256;Contratacao Direta - Dispensa de licitacao;Medicamentos;ACETILCISTEINA 100MG/ML AMPOLA 3ML ;;;;4,41;240,0;AMP;;;;;;;;;;licitacao-2024-12_0.zip;2024
Ferraz de Vasconcelos;PREFEITURA MUNICIPAL DE FERRAZ DE VASCONCELOS; 2024000000256;Contratacao Direta - Dispensa de licitacao;Medicamentos;ACETILCISTEINA 100MG/ML AMPOLA 3ML ;;;;4,72;240,0;AMP;;;;;;;;;;licitacao-2024-12_0.zip;2024
Ferraz de Vasconcelos;PREFEITURA MUNICIPAL DE FERRAZ DE VASCONCELOS; 2024000000256;Contratacao Direta - Dispensa de licitacao;Medicamentos;ACETILCISTEINA 100MG/ML AMPOLA 3ML ;;;;21,29;240,0;AMP;;;;;;;;;;licitacao-2024-12_0.zip;2024
Ferraz de Vasconcelos;PREFEITURA MUNICIPAL DE FERRAZ DE VASCONCELOS; 2024000000256;Contratacao Direta - Dispensa de licitacao;Medicamentos;ACETILCISTEINA 20MG/ML 120ML ;;;;10,2;24,0;FRS;;;;;;;;;;licitacao-2024-12_0.zip;2024
Ferraz de Vasconcelos;PREFEITURA MUNICIPAL DE FERRAZ DE VASCONCELOS; 2024000000256;Contratacao Direta - Dispensa de licitacao;Medicamentos;ACETILCISTEINA 20MG/ML 120ML ;;;;11,09;24,0;FRS;;;;;;;;;;licitacao-2024-12_0.zip;2024
Ferraz de Vasconcelos;PREFEITURA MUNICIPAL DE FERRAZ DE VASCONCELOS; 2024000000256;Contratacao Direta - Dispensa de licitacao;Medicamentos;ACETILCISTEINA 20MG/ML 120ML ;;;;11,86;24,0;FRS;;;;;;;;;;licitacao-2024-12_0.zip;2024
Ferraz de Vasconcelos;PREFEITURA MUNICIPAL DE FERRAZ DE VASCONCELOS; 2024000000256;Contratacao Direta - Dispensa de licitacao;Medicamentos;ACETILCISTEINA 20MG/ML 120ML ;;;;12,67;24,0;FRS;;;;;;;;;;licitacao-2024-12_0.zip;2024
Ferraz de Vasconcelos;PREFEITURA MUNICIPAL DE FERRAZ DE VASCONCELOS; 2024000000256;Contratacao Direta - Dispensa de licitacao;Medicamentos;ACETILCISTEINA 20MG/ML 120ML ;;;;13,68;24,0;FRS;;;;;;;;;;licitacao-2024-12_0.zip;2024
Ferraz de Vasconcelos;PREFEITURA MUNICIPAL DE FERRAZ DE VASCONCELOS; 2024000000256;Contratacao Direta - Dispensa de licitacao;Medicamentos;ACIDO TIOTICO 600MG ;;;;7,29;360,0;COM;;;;;;;;;;licitacao-2024-12_0.zip;2024
Ferraz de Vasconcelos;PREFEITURA MUNICIPAL DE FERRAZ DE VASCONCELOS; 2024000000256;Contratacao Direta - Dispensa de licitacao;Medicamentos;ACIDO TIOTICO 600MG ;;;;7,37;360,0;COM;;;;;;;;;;licitacao-2024-12_0.zip;2024
Ferraz de Vasconcelos;PREFEITURA MUNICIPAL DE FERRAZ DE VASCONCELOS; 2024000000256;Contratacao Direta - Dispensa de licitacao;Medicamentos;ACIDO TIOTICO 600MG ;;;;7,89;360,0;COM;;;;;;;;;;licitacao-2024-12_0.zip;2024
Ferraz de Vasconcelos;PREFEITURA MUNICIPAL DE FERRAZ DE VASCONCELOS; 2024000000256;Contratacao Direta - Dispensa de licitacao;Medicamentos;ACIDO TIOTICO 600MG ;;;;8,35;360,0;COM;;;;;;;;;;licitacao-2024-12_0.zip;2024
Ferraz de Vasconcelos;PREFEITURA MUNICIPAL DE FERRAZ DE VASCONCELOS; 2024000000256;Contratacao Direta - Dispensa de licitacao;Medicamentos;ALLEGRA 6MG/ML 150ML CLORIDRATO DE FEXOFENADINA ;;;;73,9;12,0;FRS;;;;;;;;;;licitacao-2024-12_0.zip;2024
Ferraz de Vasconcelos;PREFEITURA MUNICIPAL DE FERRAZ DE VASCONCELOS; 2024000000256;Contratacao Direta - Dispensa de licitacao;Medicamentos;ALLEGRA 6MG/ML 150ML CLORIDRATO DE FEXOFENADINA ;;;;74,9;12,0;FRS;;;;;;;;;;licitacao-2024-12_0.zip;2024
Ferraz de Vasconcelos;PREFEITURA MUNICIPAL DE FERRAZ DE VASCONCELOS; 2024000000256;Contratacao Direta - Dispensa de licitacao;Medicamentos;ALLEGRA 6MG/ML 150ML CLORIDRATO DE FEXOFENADINA ;;;;98,1;12,0;FRS;;;;;;;;;;licitacao-2024-12_0.zip;2024
Ferraz de Vasconcelos;PREFEITURA MUNICIPAL DE FERRAZ DE VASCONCELOS; 2024000000256;Contratacao Direta - Dispensa de licitacao;Medicamentos;ALLEGRA 6MG/ML 150ML CLORIDRATO DE FEXOFENADINA ;;;;104,97;12,0;FRS;;;;;;;;;;licitacao-2024-12_0.zip;2024
Ferraz de Vasconcelos;PREFEITURA MUNICIPAL DE FERRAZ DE VASCONCELOS; 2024000000256;Contratacao Direta - Dispensa de licitacao;Medicamentos;ALLEGRA 6MG/ML 150ML CLORIDRATO DE FEXOFENADINA ;;;;109,84;12,0;FRS;;;;;;;;;;licitacao-2024-12_0.zip;2024
Ferraz de Vasconcelos;PREFEITURA MUNICIPAL DE FERRAZ DE VASCONCELOS; 2024000000256;Contratacao Direta - Dispensa de licitacao;Medicamentos;APIDRA-GLULISINA INSULINA 100 UI/ML SOL INJ. 10ML SOL INJ CT 1 FA VD INC X 10ML;;;;105,81;24,0;FRS;;;;;;;;;;licitacao-2024-12_0.zip;2024
Ferraz de Vasconcelos;PREFEITURA MUNICIPAL DE FERRAZ DE VASCONCELOS; 2024000000256;Contratacao Direta - Dispensa de licitacao;Medicamentos;APIDRA-GLULISINA INSULINA 100 UI/ML SOL INJ. 10ML SOL INJ CT 1 FA VD INC X 10ML;;;;144,99;24,0;FRS;;;;;;;;;;licitacao-2024-12_0.zip;2024
Ferraz de Vasconcelos;PREFEITURA MUNICIPAL DE FERRAZ DE VASCONCELOS; 2024000000256;Contratacao Direta - Dispensa de licitacao;Medicamentos;APIDRA-GLULISINA INSULINA 100 UI/ML SOL INJ. 10ML SOL INJ CT 1 FA VD INC X 10ML;;;;185,67;24,0;FRS;;;;;;;;;;licitacao-2024-12_0.zip;2024
Ferraz de Vasconcelos;PREFEITURA MUNICIPAL DE FERRAZ DE VASCONCELOS; 2024000000256;Contratacao Direta - Dispensa de licitacao;Medicamentos;APIDRA-GLULISINA INSULINA 100 UI/ML SOL INJ. 10ML SOL INJ CT 1 FA VD INC X 10ML;;;;198,67;24,0;FRS;;;;;;;;;;licitacao-2024-12_0.zip;2024
Ferraz de Vasconcelos;PREFEITURA MUNICIPAL DE FERRAZ DE VASCONCELOS; 2024000000256;Contratacao Direta - Dispensa de licitacao;Medicamentos;APIDRA-GLULISINA INSULINA 100 UI/ML SOL INJ. 10ML SOL INJ CT 1 FA VD INC X 10ML;;;;215,14;24,0;FRS;;;;;;;;;;licitacao-2024-12_0.zip;2024
Ferraz de Vasconcelos;PREFEITURA MUNICIPAL DE FERRAZ DE VASCONCELOS; 2024000000256;Contratacao Direta - Dispensa de licitacao;Medicamentos;BACLOFENO 10 MG COMPRIMIDO -EMBALAGEM COM 30 COMPRIMIDOS.;;;;0,2;6120,0;COM;;;;;;;;;;licitacao-2024-12_0.zip;2024
Ferraz de Vasconcelos;PREFEITURA MUNICIPAL DE FERRAZ DE VASCONCELOS; 2024000000256;Contratacao Direta - Dispensa de licitacao;Medicamentos;BACLOFENO 10 MG COMPRIMIDO -EMBALAGEM COM 30 COMPRIMIDOS.;;;;0,32;6120,0;COM;;;;;;;;;;licitacao-2024-12_0.zip;2024
Ferraz de Vasconcelos;PREFEITURA MUNICIPAL DE FERRAZ DE VASCONCELOS; 2024000000256;Contratacao Direta - Dispensa de licitacao;Medicamentos;BACLOFENO 10 MG COMPRIMIDO -EMBALAGEM COM 30 COMPRIMIDOS.;;;;0,34;6120,0;COM;;;;;;;;;;licitacao-2024-12_0.zip;2024
Ferraz de Vasconcelos;PREFEITURA MUNICIPAL DE FERRAZ DE VASCONCELOS; 2024000000256;Contratacao Direta - Dispensa de licitacao;Medicamentos;BACLOFENO 10 MG COMPRIMIDO -EMBALAGEM COM 30 COMPRIMIDOS.;;;;0,46;6120,0;COM;;;;;;;;;;licitacao-2024-12_0.zip;2024
Ferraz de Vasconcelos;PREFEITURA MUNICIPAL DE FERRAZ DE VASCONCELOS; 2024000000256;Contratacao Direta - Dispensa de licitacao;Medicamentos;BACLOFENO 10 MG COMPRIMIDO -EMBALAGEM COM 30 COMPRIMIDOS.;;;;1,09;6120,0;COM;;;;;;;;;;licitacao-2024-12_0.zip;2024
Ferraz de Vasconcelos;PREFEITURA MUNICIPAL DE FERRAZ DE VASCONCELOS; 2024000000256;Contratacao Direta - Dispensa de licitacao;Medicamentos;BISOPROLOL HEMIFUMARATO 2,5MG COMPRIMIDO REVESTIDO ;;;;1,01;360,0;COM;;;;;;;;;;licitacao-2024-12_0.zip;2024
Ferraz de Vasconcelos;PREFEITURA MUNICIPAL DE FERRAZ DE VASCONCELOS; 2024000000256;Contratacao Direta - Dispensa de licitacao;Medicamentos;BISOPROLOL HEMIFUMARATO 2,5MG COMPRIMIDO REVESTIDO ;;;;1,05;360,0;COM;;;;;;;;;;licitacao-2024-12_0.zip;2024
Ferraz de Vasconcelos;PREFEITURA MUNICIPAL DE FERRAZ DE VASCONCELOS; 2024000000256;Contratacao Direta - Dispensa de licitacao;Medicamentos;BISOPROLOL HEMIFUMARATO 2,5MG COMPRIMIDO REVESTIDO ;;;;1,59;360,0;COM;;;;;;;;;;licitacao-2024-12_0.zip;2024
Ferraz de Vasconcelos;PREFEITURA MUNICIPAL DE FERRAZ DE VASCONCELOS; 2024000000256;Contratacao Direta - Dispensa de licitacao;Medicamentos;BISOPROLOL HEMIFUMARATO 2,5MG COMPRIMIDO REVESTIDO ;;;;2,75;360,0;COM;;;;;;;;;;licitacao-2024-12_0.zip;2024
Ferraz de Vasconcelos;PREFEITURA MUNICIPAL DE FERRAZ DE VASCONCELOS; 2024000000256;Contratacao Direta - Dispensa de licitacao;Medicamentos;BISOPROLOL HEMIFUMARATO 2,5MG COMPRIMIDO REVESTIDO ;;;;2,94;360,0;COM;;;;;;;;;;licitacao-2024-12_0.zip;2024
Ferraz de Vasconcelos;PREFEITURA MUNICIPAL DE FERRAZ DE VASCONCELOS; 2024000000256;Contratacao Direta - Dispensa de licitacao;Medicamentos;BUDESONIDA PULMICORT 0,25MG/ML SUSP.P/ NEBUL.2ML ;;;;9,96;480,0;FLC;;;;;;;;;;licitacao-2024-12_0.zip;2024
Ferraz de Vasconcelos;PREFEITURA MUNICIPAL DE FERRAZ DE VASCONCELOS; 2024000000256;Contratacao Direta - Dispensa de licitacao;Medicamentos;BUDESONIDA PULMICORT 0,25MG/ML SUSP.P/ NEBUL.2ML ;;;;10,57;480,0;FLC;;;;;;;;;;licitacao-2024-12_0.zip;2024
Ferraz de Vasconcelos;PREFEITURA MUNICIPAL DE FERRAZ DE VASCONCELOS; 2024000000256;Contratacao Direta - Dispensa de licitacao;Medicamentos;BUDESONIDA PULMICORT 0,25MG/ML SUSP.P/ NEBUL.2ML ;;;;11,7;480,0;FLC;;;;;;;;;;licitacao-2024-12_0.zip;2024
Ferraz de Vasconcelos;PREFEITURA MUNICIPAL DE FERRAZ DE VASCONCELOS; 2024000000256;Contratacao Direta - Dispensa de licitacao;Medicamentos;BUDESONIDA PULMICORT 0,25MG/ML SUSP.P/ NEBUL.2ML ;;;;12,52;480,0;FLC;;;;;;;;;;licitacao-2024-12_0.zip;2024
Ferraz de Vasconcelos;PREFEITURA MUNICIPAL DE FERRAZ DE VASCONCELOS; 2024000000256;Contratacao Direta - Dispensa de licitacao;Medicamentos;CAVILON CREME 92G PROTETOR CUTANEO 3M 3392 ;;;;69,78;60,0;TUB;;;;;;;;;;licitacao-2024-12_0.zip;2024
Ferraz de Vasconcelos;PREFEITURA MUNICIPAL DE FERRAZ DE VASCONCELOS; 2024000000256;Contratacao Direta - Dispensa de licitacao;Medicamentos;CAVILON CREME 92G PROTETOR CUTANEO 3M 3392 ;;;;74,66;60,0;TUB;;;;;;;;;;licitacao-2024-12_0.zip;2024
Ferraz de Vasconcelos;PREFEITURA MUNICIPAL DE FERRAZ DE VASCONCELOS; 2024000000256;Contratacao Direta - Dispensa de licitacao;Medicamentos;CAVILON CREME 92G PROTETOR CUTANEO 3M 3392 ;;;;128,9;60,0;TUB;;;;;;;;;;licitacao-2024-12_0.zip;2024
Ferraz de Vasconcelos;PREFEITURA MUNICIPAL DE FERRAZ DE VASCONCELOS; 2024000000256;Contratacao Direta - Dispensa de licitacao;Medicamentos;CAVILON CREME 92G PROTETOR CUTANEO 3M 3392 ;;;;144,26;60,0;TUB;;;;;;;;;;licitacao-2024-12_0.zip;2024
Ferraz de Vasconcelos;PREFEITURA MUNICIPAL DE FERRAZ DE VASCONCELOS; 2024000000256;Contratacao Direta - Dispensa de licitacao;Medicamentos;CAVILON SPRAY 28ML 3M 3346 28G PROTETOR CUTANEO ;;;;109,34;36,0;FRS;;;;;;;;;;licitacao-2024-12_0.zip;2024
Ferraz de Vasconcelos;PREFEITURA MUNICIPAL DE FERRAZ DE VASCONCELOS; 2024000000256;Contratacao Direta - Dispensa de licitacao;Medicamentos;CAVILON SPRAY 28ML 3M 3346 28G PROTETOR CUTANEO ;;;;165,9;36,0;FRS;;;;;;;;;;licitacao-2024-12_0.zip;2024
Ferraz de Vasconcelos;PREFEITURA MUNICIPAL DE FERRAZ DE VASCONCELOS; 2024000000256;Contratacao Direta - Dispensa de licitacao;Medicamentos;CAVILON SPRAY 28ML 3M 3346 28G PROTETOR CUTANEO ;;;;180,0;36,0;FRS;;;;;;;;;;licitacao-2024-12_0.zip;2024
Ferraz de Vasconcelos;PREFEITURA MUNICIPAL DE FERRAZ DE VASCONCELOS; 2024000000256;Contratacao Direta - Dispensa de licitacao;Medicamentos;CAVILON SPRAY 28ML 3M 3346 28G PROTETOR CUTANEO ;;;;192,6;36,0;FRS;;;;;;;;;;licitacao-2024-12_0.zip;2024
Ferraz de Vasconcelos;PREFEITURA MUNICIPAL DE FERRAZ DE VASCONCELOS; 2024000000256;Contratacao Direta - Dispensa de licitacao;Medicamentos;CICLOBENZAPRINA CLORIDRATO 5MG ;;;;0,18;360,0;COM;;;;;;;;;;licitacao-2024-12_0.zip;2024
Ferraz de Vasconcelos;PREFEITURA MUNICIPAL DE FERRAZ DE VASCONCELOS; 2024000000256;Contratacao Direta - Dispensa de licitacao;Medicamentos;CICLOBENZAPRINA CLORIDRATO 5MG ;;;;0,38;360,0;COM;;;;;;;;;;licitacao-2024-12_0.zip;2024
Ferraz de Vasconcelos;PREFEITURA MUNICIPAL DE FERRAZ DE VASCONCELOS; 2024000000256;Contratacao Direta - Dispensa de licitacao;Medicamentos;CICLOBENZAPRINA CLORIDRATO 5MG ;;;;0,44;360,0;COM;;;;;;;;;;licitacao-2024-12_0.zip;2024
Ferraz de Vasconcelos;PREFEITURA MUNICIPAL DE FERRAZ DE VASCONCELOS; 2024000000256;Contratacao Direta - Dispensa de licitacao;Medicamentos;CICLOBENZAPRINA CLORIDRATO 5MG ;;;;0,64;360,0;COM;;;;;;;;;;licitacao-2024-12_0.zip;2024
Ferraz de Vasconcelos;PREFEITURA MUNICIPAL DE FERRAZ DE VASCONCELOS; 2024000000256;Contratacao Direta - Dispensa de licitacao;Medicamentos;CICLOBENZAPRINA CLORIDRATO 5MG ;;;;0,68;360,0;COM;;;;;;;;;;licitacao-2024-12_0.zip;2024
Ferraz de Vasconcelos;PREFEITURA MUNICIPAL DE FERRAZ DE VASCONCELOS; 2024000000256;Contratacao Direta - Dispensa de licitacao;Medicamentos;CLENIL A DIPROPIONATO DE BECLAMETASONA 400MCG/ML SUSP INAL ORAL, FLACONETE 2ML;;;;6,4;360,0;FLC;;;;;;;;;;licitacao-2024-12_0.zip;2024
Ferraz de Vasconcelos;PREFEITURA MUNICIPAL DE FERRAZ DE VASCONCELOS; 2024000000256;Contratacao Direta - Dispensa de licitacao;Medicamentos;CLENIL A DIPROPIONATO DE BECLAMETASONA 400MCG/ML SUSP INAL ORAL, FLACONETE 2ML;;;;8,35;360,0;FLC;;;;;;;;;;licitacao-2024-12_0.zip;2024
Ferraz de Vasconcelos;PREFEITURA MUNICIPAL DE FERRAZ DE VASCONCELOS; 2024000000256;Contratacao Direta - Dispensa de licitacao;Medicamentos;CLENIL A DIPROPIONATO DE BECLAMETASONA 400MCG/ML SUSP INAL ORAL, FLACONETE 2ML;;;;9,9;360,0;FLC;;;;;;;;;;licitacao-2024-12_0.zip;2024
Ferraz de Vasconcelos;PREFEITURA MUNICIPAL DE FERRAZ DE VASCONCELOS; 2024000000256;Contratacao Direta - Dispensa de licitacao;Medicamentos;CLENIL A DIPROPIONATO DE BECLAMETASONA 400MCG/ML SUSP INAL ORAL, FLACONETE 2ML;;;;10,59;360,0;FLC;;;;;;;;;;licitacao-2024-12_0.zip;2024
Ferraz de Vasconcelos;PREFEITURA MUNICIPAL DE FERRAZ DE VASCONCELOS; 2024000000256;Contratacao Direta - Dispensa de licitacao;Medicamentos;CLENIL HFA 200 MCG/DOSE SPRAY SOLUCAO AEROSOL DISPOSITIVO ORAL 200 DOSES.;;;;45,08;12,0;FRS;;;;;;;;;;licitacao-2024-12_0.zip;2024
Ferraz de Vasconcelos;PREFEITURA MUNICIPAL DE FERRAZ DE VASCONCELOS; 2024000000256;Contratacao Direta - Dispensa de licitacao;Medicamentos;CLENIL HFA 200 MCG/DOSE SPRAY SOLUCAO AEROSOL DISPOSITIVO ORAL 200 DOSES.;;;;68,99;12,0;FRS;;;;;;;;;;licitacao-2024-12_0.zip;2024
Ferraz de Vasconcelos;PREFEITURA MUNICIPAL DE FERRAZ DE VASCONCELOS; 2024000000256;Contratacao Direta - Dispensa de licitacao;Medicamentos;CLENIL HFA 200 MCG/DOSE SPRAY SOLUCAO AEROSOL DISPOSITIVO ORAL 200 DOSES.;;;;82,68;12,0;FRS;;;;;;;;;;licitacao-2024-12_0.zip;2024
Ferraz de Vasconcelos;PREFEITURA MUNICIPAL DE FERRAZ DE VASCONCELOS; 2024000000256;Contratacao Direta - Dispensa de licitacao;Medicamentos;CLENIL HFA 200 MCG/DOSE SPRAY SOLUCAO AEROSOL DISPOSITIVO ORAL 200 DOSES.;;;;88,74;12,0;FRS;;;;;;;;;;licitacao-2024-12_0.zip;2024
Ferraz de Vasconcelos;PREFEITURA MUNICIPAL DE FERRAZ DE VASCONCELOS; 2024000000256;Contratacao Direta - Dispensa de licitacao;Medicamentos;CLENIL HFA 200 MCG/DOSE SPRAY SOLUCAO AEROSOL DISPOSITIVO ORAL 200 DOSES.;;;;96,2;12,0;FRS;;;;;;;;;;licitacao-2024-12_0.zip;2024
Ferraz de Vasconcelos;PREFEITURA MUNICIPAL DE FERRAZ DE VASCONCELOS; 2024000000256;Contratacao Direta - Dispensa de licitacao;Medicamentos;COLECALCIFEROL VIT D 200 UI/GOTA 20ML ;;;;2,89;24,0;FRS;;;;;;;;;;licitacao-2024-12_0.zip;2024
Ferraz de Vasconcelos;PREFEITURA MUNICIPAL DE FERRAZ DE VASCONCELOS; 2024000000256;Contratacao Direta - Dispensa de licitacao;Medicamentos;COLECALCIFEROL VIT D 200 UI/GOTA 20ML ;;;;12,5;24,0;FRS;;;;;;;;;;licitacao-2024-12_0.zip;2024
Ferraz de Vasconcelos;PREFEITURA MUNICIPAL DE FERRAZ DE VASCONCELOS; 2024000000256;Contratacao Direta - Dispensa de licitacao;Medicamentos;COLECALCIFEROL VIT D 200 UI/GOTA 20ML ;;;;26,86;24,0;FRS;;;;;;;;;;licitacao-2024-12_0.zip;2024
Ferraz de Vasconcelos;PREFEITURA MUNICIPAL DE FERRAZ DE VASCONCELOS; 2024000000256;Contratacao Direta - Dispensa de licitacao;Medicamentos;COLECALCIFEROL VIT D 200 UI/GOTA 20ML ;;;;28,63;24,0;FRS;;;;;;;;;;licitacao-2024-12_0.zip;2024
Ferraz de Vasconcelos;PREFEITURA MUNICIPAL DE FERRAZ DE VASCONCELOS; 2024000000256;Contratacao Direta - Dispensa de licitacao;Medicamentos;COLECALCIFEROL VIT D 200 UI/GOTA 20ML ;;;;44,79;24,0;FRS;;;;;;;;;;licitacao-2024-12_0.zip;2024
Ferraz de Vasconcelos;PREFEITURA MUNICIPAL DE FERRAZ DE VASCONCELOS; 2024000000256;Contratacao Direta - Dispensa de licitacao;Medicamentos;DEMACERIUM 50G-SULFATO DE PRATA +NITRATO DE CERIO (1%+0,4%) CREME DERMATOLOGICO;;;;65,8;12,0;BIS;;;;;;;;;;licitacao-2024-12_0.zip;2024
Ferraz de Vasconcelos;PREFEITURA MUNICIPAL DE FERRAZ DE VASCONCELOS; 2024000000256;Contratacao Direta - Dispensa de licitacao;Medicamentos;DEMACERIUM 50G-SULFATO DE PRATA +NITRATO DE CERIO (1%+0,4%) CREME DERMATOLOGICO;;;;85,99;12,0;BIS;;;;;;;;;;licitacao-2024-12_0.zip;2024
Ferraz de Vasconcelos;PREFEITURA MUNICIPAL DE FERRAZ DE VASCONCELOS; 2024000000256;Contratacao Direta - Dispensa de licitacao;Medicamentos;DEMACERIUM 50G-SULFATO DE PRATA +NITRATO DE CERIO (1%+0,4%) CREME DERMATOLOGICO;;;;100,76;12,0;BIS;;;;;;;;;;licitacao-2024-12_0.zip;2024
Ferraz de Vasconcelos;PREFEITURA MUNICIPAL DE FERRAZ DE VASCONCELOS; 2024000000256;Contratacao Direta - Dispensa de licitacao;Medicamentos;DEMACERIUM 50G-SULFATO DE PRATA +NITRATO DE CERIO (1%+0,4%) CREME DERMATOLOGICO;;;;107,81;12,0;BIS;;;;;;;;;;licitacao-2024-12_0.zip;2024
Ferraz de Vasconcelos;PREFEITURA MUNICIPAL DE FERRAZ DE VASCONCELOS; 2024000000256;Contratacao Direta - Dispensa de licitacao;Medicamentos;DEMACERIUM 50G-SULFATO DE PRATA +NITRATO DE CERIO (1%+0,4%) CREME DERMATOLOGICO;;;;115,62;12,0;BIS;;;;;;;;;;licitacao-2024-12_0.zip;2024
Ferraz de Vasconcelos;PREFEITURA MUNICIPAL DE FERRAZ DE VASCONCELOS; 2024000000256;Contratacao Direta - Dispensa de licitacao;Medicamentos;DENOSUMABE 60MG/ML SOLUCAO INJETAVEL SERINGA PREENCHIDA DE 1ML;;;;856,37;2,0;UN;;;;;;;;;;licitacao-2024-12_0.zip;2024
Ferraz de Vasconcelos;PREFEITURA MUNICIPAL DE FERRAZ DE VASCONCELOS; 2024000000256;Contratacao Direta - Dispensa de licitacao;Medicamentos;DENOSUMABE 60MG/ML SOLUCAO INJETAVEL SERINGA PREENCHIDA DE 1ML;;;;888,12;2,0;UN;;;;;;;;;;licitacao-2024-12_0.zip;2024
Ferraz de Vasconcelos;PREFEITURA MUNICIPAL DE FERRAZ DE VASCONCELOS; 2024000000256;Contratacao Direta - Dispensa de licitacao;Medicamentos;DENOSUMABE 60MG/ML SOLUCAO INJETAVEL SERINGA PREENCHIDA DE 1ML;;;;1273,5;2,0;UN;;;;;;;;;;licitacao-2024-12_0.zip;2024
Ferraz de Vasconcelos;PREFEITURA MUNICIPAL DE FERRAZ DE VASCONCELOS; 2024000000256;Contratacao Direta - Dispensa de licitacao;Medicamentos;DENOSUMABE 60MG/ML SOLUCAO INJETAVEL SERINGA PREENCHIDA DE 1ML;;;;1362,65;2,0;UN;;;;;;;;;;licitacao-2024-12_0.zip;2024
Ferraz de Vasconcelos;PREFEITURA MUNICIPAL DE FERRAZ DE VASCONCELOS; 2024000000256;Contratacao Direta - Dispensa de licitacao;Medicamentos;DETEMIR INSULINA 100 UI/ML SOL UNJ 3ML X SIST APLI PLAS (FLEXPEN);;;;54,59;24,0;UN;;;;;;;;;;licitacao-2024-12_0.zip;2024
Ferraz de Vasconcelos;PREFEITURA MUNICIPAL DE FERRAZ DE VASCONCELOS; 2024000000256;Contratacao Direta - Dispensa de licitacao;Medicamentos;DETEMIR INSULINA 100 UI/ML SOL UNJ 3ML X SIST APLI PLAS (FLEXPEN);;;;121,2;24,0;UN;;;;;;;;;;licitacao-2024-12_0.zip;2024
Ferraz de Vasconcelos;PREFEITURA MUNICIPAL DE FERRAZ DE VASCONCELOS; 2024000000256;Contratacao Direta - Dispensa de licitacao;Medicamentos;DETEMIR INSULINA 100 UI/ML SOL UNJ 3ML X SIST APLI PLAS (FLEXPEN);;;;129,68;24,0;UN;;;;;;;;;;licitacao-2024-12_0.zip;2024
Ferraz de Vasconcelos;PREFEITURA MUNICIPAL DE FERRAZ DE VASCONCELOS; 2024000000256;Contratacao Direta - Dispensa de licitacao;Medicamentos;DETEMIR INSULINA 100 UI/ML SOL UNJ 3ML X SIST APLI PLAS (FLEXPEN);;;;149,32;24,0;UN;;;;;;;;;;licitacao-2024-12_0.zip;2024
Ferraz de Vasconcelos;PREFEITURA MUNICIPAL DE FERRAZ DE VASCONCELOS; 2024000000256;Contratacao Direta - Dispensa de licitacao;Medicamentos;DIPROGENTA 30G CREME ;;;;42,39;12,0;BIS;;;;;;;;;;licitacao-2024-12_0.zip;2024
Ferraz de Vasconcelos;PREFEITURA MUNICIPAL DE FERRAZ DE VASCONCELOS; 2024000000256;Contratacao Direta - Dispensa de licitacao;Medicamentos;DIPROGENTA 30G CREME ;;;;45,61;12,0;BIS;;;;;;;;;;licitacao-2024-12_0.zip;2024
Ferraz de Vasconcelos;PREFEITURA MUNICIPAL DE FERRAZ DE VASCONCELOS; 2024000000256;Contratacao Direta - Dispensa de licitacao;Medicamentos;DIPROGENTA 30G CREME ;;;;55,73;12,0;BIS;;;;;;;;;;licitacao-2024-12_0.zip;2024
Ferraz de Vasconcelos;PREFEITURA MUNICIPAL DE FERRAZ DE VASCONCELOS; 2024000000256;Contratacao Direta - Dispensa de licitacao;Medicamentos;DIPROGENTA 30G CREME ;;;;59,63;12,0;BIS;;;;;;;;;;licitacao-2024-12_0.zip;2024
Ferraz de Vasconcelos;PREFEITURA MUNICIPAL DE FERRAZ DE VASCONCELOS; 2024000000256;Contratacao Direta - Dispensa de licitacao;Medicamentos;DIPROGENTA 30G CREME ;;;;62,64;12,0;BIS;;;;;;;;;;licitacao-2024-12_0.zip;2024
Ferraz de Vasconcelos;PREFEITURA MUNICIPAL DE FERRAZ DE VASCONCELOS; 2024000000256;Contratacao Direta - Dispensa de licitacao;Medicamentos;FERRO QUELATO 300MG ;;;;1,58;360,0;COM;;;;;;;;;;licitacao-2024-12_0.zip;2024
Ferraz de Vasconcelos;PREFEITURA MUNICIPAL DE FERRAZ DE VASCONCELOS; 2024000000256;Contratacao Direta - Dispensa de licitacao;Medicamentos;FERRO QUELATO 300MG ;;;;1,82;360,0;COM;;;;;;;;;;licitacao-2024-12_0.zip;2024
Ferraz de Vasconcelos;PREFEITURA MUNICIPAL DE FERRAZ DE VASCONCELOS; 2024000000256;Contratacao Direta - Dispensa de licitacao;Medicamentos;FERRO QUELATO 300MG ;;;;2,34;360,0;COM;;;;;;;;;;licitacao-2024-12_0.zip;2024
Ferraz de Vasconcelos;PREFEITURA MUNICIPAL DE FERRAZ DE VASCONCELOS; 2024000000256;Contratacao Direta - Dispensa de licitacao;Medicamentos;FERRO QUELATO 300MG ;;;;2,5;360,0;COM;;;;;;;;;;licitacao-2024-12_0.zip;2024
Ferraz de Vasconcelos;PREFEITURA MUNICIPAL DE FERRAZ DE VASCONCELOS; 2024000000256;Contratacao Direta - Dispensa de licitacao;Medicamentos;FORXIGA 10MG COMPRIMIDO REVESTIDO ;;;;5,68;360,0;COM;;;;;;;;;;licitacao-2024-12_0.zip;2024
Ferraz de Vasconcelos;PREFEITURA MUNICIPAL DE FERRAZ DE VASCONCELOS; 2024000000256;Contratacao Direta - Dispensa de licitacao;Medicamentos;FORXIGA 10MG COMPRIMIDO REVESTIDO ;;;;6,9;360,0;COM;;;;;;;;;;licitacao-2024-12_0.zip;2024
Ferraz de Vasconcelos;PREFEITURA MUNICIPAL DE FERRAZ DE VASCONCELOS; 2024000000256;Contratacao Direta - Dispensa de licitacao;Medicamentos;FORXIGA 10MG COMPRIMIDO REVESTIDO ;;;;8,04;360,0;COM;;;;;;;;;;licitacao-2024-12_0.zip;2024
Ferraz de Vasconcelos;PREFEITURA MUNICIPAL DE FERRAZ DE VASCONCELOS; 2024000000256;Contratacao Direta - Dispensa de licitacao;Medicamentos;FORXIGA 10MG COMPRIMIDO REVESTIDO ;;;;8,6;360,0;COM;;;;;;;;;;licitacao-2024-12_0.zip;2024
Ferraz de Vasconcelos;PREFEITURA MUNICIPAL DE FERRAZ DE VASCONCELOS; 2024000000256;Contratacao Direta - Dispensa de licitacao;Medicamentos;FORXIGA 10MG COMPRIMIDO REVESTIDO ;;;;9,0;360,0;COM;;;;;;;;;;licitacao-2024-12_0.zip;2024
Ferraz de Vasconcelos;PREFEITURA MUNICIPAL DE FERRAZ DE VASCONCELOS; 2024000000256;Contratacao Direta - Dispensa de licitacao;Medicamentos;LACTULONA-LACTULOSE 667 MG/ML 120ML XPE CT FR PLAS (PET) AMB X 120ML;;;;8,02;156,0;FRS;;;;;;;;;;licitacao-2024-12_0.zip;2024
Ferraz de Vasconcelos;PREFEITURA MUNICIPAL DE FERRAZ DE VASCONCELOS; 2024000000256;Contratacao Direta - Dispensa de licitacao;Medicamentos;LACTULONA-LACTULOSE 667 MG/ML 120ML XPE CT FR PLAS (PET) AMB X 120ML;;;;8,24;156,0;FRS;;;;;;;;;;licitacao-2024-12_0.zip;2024
Ferraz de Vasconcelos;PREFEITURA MUNICIPAL DE FERRAZ DE VASCONCELOS; 2024000000256;Contratacao Direta - Dispensa de licitacao;Medicamentos;LACTULONA-LACTULOSE 667 MG/ML 120ML XPE CT FR PLAS (PET) AMB X 120ML;;;;8,81;156,0;FRS;;;;;;;;;;licitacao-2024-12_0.zip;2024
Ferraz de Vasconcelos;PREFEITURA MUNICIPAL DE FERRAZ DE VASCONCELOS; 2024000000256;Contratacao Direta - Dispensa de licitacao;Medicamentos;LACTULONA-LACTULOSE 667 MG/ML 120ML XPE CT FR PLAS (PET) AMB X 120ML;;;;14,84;156,0;FRS;;;;;;;;;;licitacao-2024-12_0.zip;2024
Ferraz de Vasconcelos;PREFEITURA MUNICIPAL DE FERRAZ DE VASCONCELOS; 2024000000256;Contratacao Direta - Dispensa de licitacao;Medicamentos;LACTULONA-LACTULOSE 667 MG/ML 120ML XPE CT FR PLAS (PET) AMB X 120ML;;;;52,99;156,0;FRS;;;;;;;;;;licitacao-2024-12_0.zip;2024
Ferraz de Vasconcelos;PREFEITURA MUNICIPAL DE FERRAZ DE VASCONCELOS; 2024000000256;Contratacao Direta - Dispensa de licitacao;Medicamentos;LANTUS GLARGINA INSULINA 100 UI/ML SOL INJ X 10ML SOL INJ CT 1 FA VD TRANS X 10ML;;;;254,98;60,0;FRS;;;;;;;;;;licitacao-2024-12_0.zip;2024
Ferraz de Vasconcelos;PREFEITURA MUNICIPAL DE FERRAZ DE VASCONCELOS; 2024000000256;Contratacao Direta - Dispensa de licitacao;Medicamentos;LANTUS GLARGINA INSULINA 100 UI/ML SOL INJ X 10ML SOL INJ CT 1 FA VD TRANS X 10ML;;;;270,98;60,0;FRS;;;;;;;;;;licitacao-2024-12_0.zip;2024
Ferraz de Vasconcelos;PREFEITURA MUNICIPAL DE FERRAZ DE VASCONCELOS; 2024000000256;Contratacao Direta - Dispensa de licitacao;Medicamentos;LANTUS GLARGINA INSULINA 100 UI/ML SOL INJ X 10ML SOL INJ CT 1 FA VD TRANS X 10ML;;;;376,1;60,0;FRS;;;;;;;;;;licitacao-2024-12_0.zip;2024
Ferraz de Vasconcelos;PREFEITURA MUNICIPAL DE FERRAZ DE VASCONCELOS; 2024000000256;Contratacao Direta - Dispensa de licitacao;Medicamentos;LANTUS GLARGINA INSULINA 100 UI/ML SOL INJ X 10ML SOL INJ CT 1 FA VD TRANS X 10ML;;;;402,42;60,0;FRS;;;;;;;;;;licitacao-2024-12_0.zip;2024
Ferraz de Vasconcelos;PREFEITURA MUNICIPAL DE FERRAZ DE VASCONCELOS; 2024000000256;Contratacao Direta - Dispensa de licitacao;Medicamentos;LANTUS GLARGINA INSULINA 100 UI/ML SOL INJ X 10ML SOL INJ CT 1 FA VD TRANS X 10ML;;;;414,8;60,0;FRS;;;;;;;;;;licitacao-2024-12_0.zip;2024
Ferraz de Vasconcelos;PREFEITURA MUNICIPAL DE FERRAZ DE VASCONCELOS; 2024000000256;Contratacao Direta - Dispensa de licitacao;Medicamentos;LEVOMEPROMAZINA-NEOZINE 100MG COMPRIMIDO REVESTIDO ;;;;1,07;2520,0;COM;;;;;;;;;;licitacao-2024-12_0.zip;2024
Ferraz de Vasconcelos;PREFEITURA MUNICIPAL DE FERRAZ DE VASCONCELOS; 2024000000256;Contratacao Direta - Dispensa de licitacao;Medicamentos;LEVOMEPROMAZINA-NEOZINE 100MG COMPRIMIDO REVESTIDO ;;;;1,45;2520,0;COM;;;;;;;;;;licitacao-2024-12_0.zip;2024
Ferraz de Vasconcelos;PREFEITURA MUNICIPAL DE FERRAZ DE VASCONCELOS; 2024000000256;Contratacao Direta - Dispensa de licitacao;Medicamentos;LEVOMEPROMAZINA-NEOZINE 100MG COMPRIMIDO REVESTIDO ;;;;1,76;2520,0;COM;;;;;;;;;;licitacao-2024-12_0.zip;2024
Ferraz de Vasconcelos;PREFEITURA MUNICIPAL DE FERRAZ DE VASCONCELOS; 2024000000256;Contratacao Direta - Dispensa de licitacao;Medicamentos;LEVOMEPROMAZINA-NEOZINE 100MG COMPRIMIDO REVESTIDO ;;;;1,88;2520,0;COM;;;;;;;;;;licitacao-2024-12_0.zip;2024
Ferraz de Vasconcelos;PREFEITURA MUNICIPAL DE FERRAZ DE VASCONCELOS; 2024000000256;Contratacao Direta - Dispensa de licitacao;Medicamentos;LEVOMEPROMAZINA-NEOZINE 100MG COMPRIMIDO REVESTIDO ;;;;1,89;2520,0;COM;;;;;;;;;;licitacao-2024-12_0.zip;2024
Ferraz de Vasconcelos;PREFEITURA MUNICIPAL DE FERRAZ DE VASCONCELOS; 2024000000256;Contratacao Direta - Dispensa de licitacao;Medicamentos;LIRAGLUTIDA-VICTOZA 6 MG/ML SOL INJ CARP VD TRANS X 3ML + SIST APLIC PLAS;;;;271,0;60,0;UN;;;;;;;;;;licitacao-2024-12_0.zip;2024
Ferraz de Vasconcelos;PREFEITURA MUNICIPAL DE FERRAZ DE VASCONCELOS; 2024000000256;Contratacao Direta - Dispensa de licitacao;Medicamentos;LIRAGLUTIDA-VICTOZA 6 MG/ML SOL INJ CARP VD TRANS X 3ML + SIST APLIC PLAS;;;;334,91;60,0;UN;;;;;;;;;;licitacao-2024-12_0.zip;2024
Ferraz de Vasconcelos;PREFEITURA MUNICIPAL DE FERRAZ DE VASCONCELOS; 2024000000256;Contratacao Direta - Dispensa de licitacao;Medicamentos;LOCAO OLEOSA ANTI ESCARAS DERSANI 100ML ;;;;4,32;12,0;FRS;;;;;;;;;;licitacao-2024-12_0.zip;2024
Ferraz de Vasconcelos;PREFEITURA MUNICIPAL DE FERRAZ DE VASCONCELOS; 2024000000256;Contratacao Direta - Dispensa de licitacao;Medicamentos;LOCAO OLEOSA ANTI ESCARAS DERSANI 100ML ;;;;5,78;12,0;FRS;;;;;;;;;;licitacao-2024-12_0.zip;2024
Ferraz de Vasconcelos;PREFEITURA MUNICIPAL DE FERRAZ DE VASCONCELOS; 2024000000256;Contratacao Direta - Dispensa de licitacao;Medicamentos;LOCAO OLEOSA ANTI ESCARAS DERSANI 100ML ;;;;6,18;12,0;FRS;;;;;;;;;;licitacao-2024-12_0.zip;2024
Ferraz de Vasconcelos;PREFEITURA MUNICIPAL DE FERRAZ DE VASCONCELOS; 2024000000256;Contratacao Direta - Dispensa de licitacao;Medicamentos;LOCAO OLEOSA ANTI ESCARAS DERSANI 100ML ;;;;45,99;12,0;FRS;;;;;;;;;;licitacao-2024-12_0.zip;2024
Ferraz de Vasconcelos;PREFEITURA MUNICIPAL DE FERRAZ DE VASCONCELOS; 2024000000256;Contratacao Direta - Dispensa de licitacao;Medicamentos;LOCAO OLEOSA ANTI ESCARAS DERSANI 100ML ;;;;65,16;12,0;FRS;;;;;;;;;;licitacao-2024-12_0.zip;2024
Ferraz de Vasconcelos;PREFEITURA MUNICIPAL DE FERRAZ DE VASCONCELOS; 2024000000256;Contratacao Direta - Dispensa de licitacao;Medicamentos;LOSARTANA POTASSICA 50MG ;;;;0,08;1080,0;COM;;;;;;;;;;licitacao-2024-12_0.zip;2024
Ferraz de Vasconcelos;PREFEITURA MUNICIPAL DE FERRAZ DE VASCONCELOS; 2024000000256;Contratacao Direta - Dispensa de licitacao;Medicamentos;LOSARTANA POTASSICA 50MG ;;;;0,09;1080,0;COM;;;;;;;;;;licitacao-2024-12_0.zip;2024
Ferraz de Vasconcelos;PREFEITURA MUNICIPAL DE FERRAZ DE VASCONCELOS; 2024000000256;Contratacao Direta - Dispensa de licitacao;Medicamentos;LOSARTANA POTASSICA 50MG ;;;;0,17;1080,0;COM;;;;;;;;;;licitacao-2024-12_0.zip;2024
Ferraz de Vasconcelos;PREFEITURA MUNICIPAL DE FERRAZ DE VASCONCELOS; 2024000000256;Contratacao Direta - Dispensa de licitacao;Medicamentos;MESALAZINA - PENTASA 500MG LIBERACAO PROLONGADA ;;;;4,86;2160,0;COM;;;;;;;;;;licitacao-2024-12_0.zip;2024
Ferraz de Vasconcelos;PREFEITURA MUNICIPAL DE FERRAZ DE VASCONCELOS; 2024000000256;Contratacao Direta - Dispensa de licitacao;Medicamentos;MESALAZINA - PENTASA 500MG LIBERACAO PROLONGADA ;;;;9,4;2160,0;COM;;;;;;;;;;licitacao-2024-12_0.zip;2024
Ferraz de Vasconcelos;PREFEITURA MUNICIPAL DE FERRAZ DE VASCONCELOS; 2024000000256;Contratacao Direta - Dispensa de licitacao;Medicamentos;MESALAZINA - PENTASA 500MG LIBERACAO PROLONGADA ;;;;10,41;2160,0;COM;;;;;;;;;;licitacao-2024-12_0.zip;2024
Ferraz de Vasconcelos;PREFEITURA MUNICIPAL DE FERRAZ DE VASCONCELOS; 2024000000256;Contratacao Direta - Dispensa de licitacao;Medicamentos;MESALAZINA - PENTASA 500MG LIBERACAO PROLONGADA ;;;;11,14;2160,0;COM;;;;;;;;;;licitacao-2024-12_0.zip;2024
Ferraz de Vasconcelos;PREFEITURA MUNICIPAL DE FERRAZ DE VASCONCELOS; 2024000000256;Contratacao Direta - Dispensa de licitacao;Medicamentos;METOPROLOL SUCCINATO - SELOZOK 50 MG COM VER LIB PROL CT BL AL PLAS;;;;1,11;1080,0;COM;;;;;;;;;;licitacao-2024-12_0.zip;2024
Ferraz de Vasconcelos;PREFEITURA MUNICIPAL DE FERRAZ DE VASCONCELOS; 2024000000256;Contratacao Direta - Dispensa de licitacao;Medicamentos;METOPROLOL SUCCINATO - SELOZOK 50 MG COM VER LIB PROL CT BL AL PLAS;;;;2,58;1080,0;COM;;;;;;;;;;licitacao-2024-12_0.zip;2024
Ferraz de Vasconcelos;PREFEITURA MUNICIPAL DE FERRAZ DE VASCONCELOS; 2024000000256;Contratacao Direta - Dispensa de licitacao;Medicamentos;METOPROLOL SUCCINATO - SELOZOK 50 MG COM VER LIB PROL CT BL AL PLAS;;;;2,97;1080,0;COM;;;;;;;;;;licitacao-2024-12_0.zip;2024
Ferraz de Vasconcelos;PREFEITURA MUNICIPAL DE FERRAZ DE VASCONCELOS; 2024000000256;Contratacao Direta - Dispensa de licitacao;Medicamentos;METOPROLOL SUCCINATO - SELOZOK 50 MG COM VER LIB PROL CT BL AL PLAS;;;;3,18;1080,0;COM;;;;;;;;;;licitacao-2024-12_0.zip;2024
Ferraz de Vasconcelos;PREFEITURA MUNICIPAL DE FERRAZ DE VASCONCELOS; 2024000000256;Contratacao Direta - Dispensa de licitacao;Medicamentos;METOPROLOL SUCCINATO - SELOZOK 50 MG COM VER LIB PROL CT BL AL PLAS;;;;3,34;1080,0;COM;;;;;;;;;;licitacao-2024-12_0.zip;2024
Ferraz de Vasconcelos;PREFEITURA MUNICIPAL DE FERRAZ DE VASCONCELOS; 2024000000256;Contratacao Direta - Dispensa de licitacao;Medicamentos;MUPIROCINA 2% 20MG/G POMADA DERMATOLOGICA 15G ;;;;25,49;48,0;BIS;;;;;;;;;;licitacao-2024-12_0.zip;2024
Ferraz de Vasconcelos;PREFEITURA MUNICIPAL DE FERRAZ DE VASCONCELOS; 2024000000256;Contratacao Direta - Dispensa de licitacao;Medicamentos;MUPIROCINA 2% 20MG/G POMADA DERMATOLOGICA 15G ;;;;25,86;48,0;BIS;;;;;;;;;;licitacao-2024-12_0.zip;2024
Ferraz de Vasconcelos;PREFEITURA MUNICIPAL DE FERRAZ DE VASCONCELOS; 2024000000256;Contratacao Direta - Dispensa de licitacao;Medicamentos;MUPIROCINA 2% 20MG/G POMADA DERMATOLOGICA 15G ;;;;58,16;48,0;BIS;;;;;;;;;;licitacao-2024-12_0.zip;2024
Ferraz de Vasconcelos;PREFEITURA MUNICIPAL DE FERRAZ DE VASCONCELOS; 2024000000256;Contratacao Direta - Dispensa de licitacao;Medicamentos;MUPIROCINA 2% 20MG/G POMADA DERMATOLOGICA 15G ;;;;62,23;48,0;BIS;;;;;;;;;;licitacao-2024-12_0.zip;2024
Ferraz de Vasconcelos;PREFEITURA MUNICIPAL DE FERRAZ DE VASCONCELOS; 2024000000256;Contratacao Direta - Dispensa de licitacao;Medicamentos;NASONEX 50MCG SPRAY NASAL ;;;;47,0;24,0;FRS;;;;;;;;;;licitacao-2024-12_0.zip;2024
Ferraz de Vasconcelos;PREFEITURA MUNICIPAL DE FERRAZ DE VASCONCELOS; 2024000000256;Contratacao Direta - Dispensa de licitacao;Medicamentos;NASONEX 50MCG SPRAY NASAL ;;;;64,0;24,0;FRS;;;;;;;;;;licitacao-2024-12_0.zip;2024
Ferraz de Vasconcelos;PREFEITURA MUNICIPAL DE FERRAZ DE VASCONCELOS; 2024000000256;Contratacao Direta - Dispensa de licitacao;Medicamentos;NASONEX 50MCG SPRAY NASAL ;;;;74,55;24,0;FRS;;;;;;;;;;licitacao-2024-12_0.zip;2024
Ferraz de Vasconcelos;PREFEITURA MUNICIPAL DE FERRAZ DE VASCONCELOS; 2024000000256;Contratacao Direta - Dispensa de licitacao;Medicamentos;NASONEX 50MCG SPRAY NASAL ;;;;76,75;24,0;FRS;;;;;;;;;;licitacao-2024-12_0.zip;2024
Ferraz de Vasconcelos;PREFEITURA MUNICIPAL DE FERRAZ DE VASCONCELOS; 2024000000256;Contratacao Direta - Dispensa de licitacao;Medicamentos;NASONEX 50MCG SPRAY NASAL ;;;;79,77;24,0;FRS;;;;;;;;;;licitacao-2024-12_0.zip;2024
Ferraz de Vasconcelos;PREFEITURA MUNICIPAL DE FERRAZ DE VASCONCELOS; 2024000000256;Contratacao Direta - Dispensa de licitacao;Medicamentos;NEULEPTIL 4% 40MG GOTAS 20ML ;;;;21,68;12,0;FRS;;;;;;;;;;licitacao-2024-12_0.zip;2024
Ferraz de Vasconcelos;PREFEITURA MUNICIPAL DE FERRAZ DE VASCONCELOS; 2024000000256;Contratacao Direta - Dispensa de licitacao;Medicamentos;NEULEPTIL 4% 40MG GOTAS 20ML ;;;;23,19;12,0;FRS;;;;;;;;;;licitacao-2024-12_0.zip;2024
Ferraz de Vasconcelos;PREFEITURA MUNICIPAL DE FERRAZ DE VASCONCELOS; 2024000000256;Contratacao Direta - Dispensa de licitacao;Medicamentos;NEULEPTIL 4% 40MG GOTAS 20ML ;;;;25,59;12,0;FRS;;;;;;;;;;licitacao-2024-12_0.zip;2024
Ferraz de Vasconcelos;PREFEITURA MUNICIPAL DE FERRAZ DE VASCONCELOS; 2024000000256;Contratacao Direta - Dispensa de licitacao;Medicamentos;NEULEPTIL 4% 40MG GOTAS 20ML ;;;;27,03;12,0;FRS;;;;;;;;;;licitacao-2024-12_0.zip;2024
Ferraz de Vasconcelos;PREFEITURA MUNICIPAL DE FERRAZ DE VASCONCELOS; 2024000000256;Contratacao Direta - Dispensa de licitacao;Medicamentos;NOVORAPID-ASPARTE INSULINA 100 UI/ML SOL INJ. 10ML SOLUCAO INSJETAVEL FRASCO DE 10ML;;;;102,77;48,0;FRS;;;;;;;;;;licitacao-2024-12_0.zip;2024
Ferraz de Vasconcelos;PREFEITURA MUNICIPAL DE FERRAZ DE VASCONCELOS; 2024000000256;Contratacao Direta - Dispensa de licitacao;Medicamentos;NOVORAPID-ASPARTE INSULINA 100 UI/ML SOL INJ. 10ML SOLUCAO INSJETAVEL FRASCO DE 10ML;;;;266,9;48,0;FRS;;;;;;;;;;licitacao-2024-12_0.zip;2024
Ferraz de Vasconcelos;PREFEITURA MUNICIPAL DE FERRAZ DE VASCONCELOS; 2024000000256;Contratacao Direta - Dispensa de licitacao;Medicamentos;NOVORAPID ASPARTE INSULINA 100 UI/ML SOL INJ 3ML SIST APLIC PLAS (FLEXPEN);;;;51,19;12,0;UN;;;;;;;;;;licitacao-2024-12_0.zip;2024
Ferraz de Vasconcelos;PREFEITURA MUNICIPAL DE FERRAZ DE VASCONCELOS; 2024000000256;Contratacao Direta - Dispensa de licitacao;Medicamentos;NOVORAPID ASPARTE INSULINA 100 UI/ML SOL INJ 3ML SIST APLIC PLAS (FLEXPEN);;;;68,64;12,0;UN;;;;;;;;;;licitacao-2024-12_0.zip;2024
Ferraz de Vasconcelos;PREFEITURA MUNICIPAL DE FERRAZ DE VASCONCELOS; 2024000000256;Contratacao Direta - Dispensa de licitacao;Medicamentos;NOVORAPID ASPARTE INSULINA 100 UI/ML SOL INJ 3ML SIST APLIC PLAS (FLEXPEN);;;;71,22;12,0;UN;;;;;;;;;;licitacao-2024-12_0.zip;2024
Ferraz de Vasconcelos;PREFEITURA MUNICIPAL DE FERRAZ DE VASCONCELOS; 2024000000256;Contratacao Direta - Dispensa de licitacao;Medicamentos;NOVORAPID ASPARTE INSULINA 100 UI/ML SOL INJ 3ML SIST APLIC PLAS (FLEXPEN);;;;76,21;12,0;UN;;;;;;;;;;licitacao-2024-12_0.zip;2024
Ferraz de Vasconcelos;PREFEITURA MUNICIPAL DE FERRAZ DE VASCONCELOS; 2024000000256;Contratacao Direta - Dispensa de licitacao;Medicamentos;NOVORAPID ASPARTE INSULINA 100 UI/ML SOL INJ 3ML SIST APLIC PLAS (FLEXPEN);;;;82,54;12,0;UN;;;;;;;;;;licitacao-2024-12_0.zip;2024
Ferraz de Vasconcelos;PREFEITURA MUNICIPAL DE FERRAZ DE VASCONCELOS; 2024000000256;Contratacao Direta - Dispensa de licitacao;Medicamentos;OXCARBAZEPINA 600MG ;;;;1,54;1080,0;COM;;;;;;;;;;licitacao-2024-12_0.zip;2024
Ferraz de Vasconcelos;PREFEITURA MUNICIPAL DE FERRAZ DE VASCONCELOS; 2024000000256;Contratacao Direta - Dispensa de licitacao;Medicamentos;OXCARBAZEPINA 600MG ;;;;1,83;1080,0;COM;;;;;;;;;;licitacao-2024-12_0.zip;2024
Ferraz de Vasconcelos;PREFEITURA MUNICIPAL DE FERRAZ DE VASCONCELOS; 2024000000256;Contratacao Direta - Dispensa de licitacao;Medicamentos;OXCARBAZEPINA 600MG ;;;;1,96;1080,0;COM;;;;;;;;;;licitacao-2024-12_0.zip;2024
Ferraz de Vasconcelos;PREFEITURA MUNICIPAL DE FERRAZ DE VASCONCELOS; 2024000000256;Contratacao Direta - Dispensa de licitacao;Medicamentos;OXCARBAZEPINA 600MG ;;;;2,26;1080,0;COM;;;;;;;;;;licitacao-2024-12_0.zip;2024
Ferraz de Vasconcelos;PREFEITURA MUNICIPAL DE FERRAZ DE VASCONCELOS; 2024000000256;Contratacao Direta - Dispensa de licitacao;Medicamentos;OXCARBAZEPINA 600MG ;;;;2,64;1080,0;COM;;;;;;;;;;licitacao-2024-12_0.zip;2024
Ferraz de Vasconcelos;PREFEITURA MUNICIPAL DE FERRAZ DE VASCONCELOS; 2024000000256;Contratacao Direta - Dispensa de licitacao;Medicamentos;OXIBUTININA CLORIDRATO 1MG/ML 120ML ;;;;49,39;15,0;FRS;;;;;;;;;;licitacao-2024-12_0.zip;2024
Ferraz de Vasconcelos;PREFEITURA MUNICIPAL DE FERRAZ DE VASCONCELOS; 2024000000256;Contratacao Direta - Dispensa de licitacao;Medicamentos;OXIBUTININA CLORIDRATO 1MG/ML 120ML ;;;;53,13;15,0;FRS;;;;;;;;;;licitacao-2024-12_0.zip;2024
Ferraz de Vasconcelos;PREFEITURA MUNICIPAL DE FERRAZ DE VASCONCELOS; 2024000000256;Contratacao Direta - Dispensa de licitacao;Medicamentos;OXIBUTININA CLORIDRATO 1MG/ML 120ML ;;;;65,6;15,0;FRS;;;;;;;;;;licitacao-2024-12_0.zip;2024
Ferraz de Vasconcelos;PREFEITURA MUNICIPAL DE FERRAZ DE VASCONCELOS; 2024000000256;Contratacao Direta - Dispensa de licitacao;Medicamentos;OXIBUTININA CLORIDRATO 1MG/ML 120ML ;;;;70,19;15,0;FRS;;;;;;;;;;licitacao-2024-12_0.zip;2024
Ferraz de Vasconcelos;PREFEITURA MUNICIPAL DE FERRAZ DE VASCONCELOS; 2024000000256;Contratacao Direta - Dispensa de licitacao;Medicamentos;PEG 4000 - SEM SABOR E SEM ELETROLITOS 10G (SACHE) ;;;;2,56;360,0;UN;;;;;;;;;;licitacao-2024-12_0.zip;2024
Ferraz de Vasconcelos;PREFEITURA MUNICIPAL DE FERRAZ DE VASCONCELOS; 2024000000256;Contratacao Direta - Dispensa de licitacao;Medicamentos;PEG 4000 - SEM SABOR E SEM ELETROLITOS 10G (SACHE) ;;;;2,75;360,0;UN;;;;;;;;;;licitacao-2024-12_0.zip;2024
Ferraz de Vasconcelos;PREFEITURA MUNICIPAL DE FERRAZ DE VASCONCELOS; 2024000000256;Contratacao Direta - Dispensa de licitacao;Medicamentos;PEG 4000 - SEM SABOR E SEM ELETROLITOS 10G (SACHE) ;;;;3,03;360,0;UN;;;;;;;;;;licitacao-2024-12_0.zip;2024
Ferraz de Vasconcelos;PREFEITURA MUNICIPAL DE FERRAZ DE VASCONCELOS; 2024000000256;Contratacao Direta - Dispensa de licitacao;Medicamentos;PEG 4000 - SEM SABOR E SEM ELETROLITOS 10G (SACHE) ;;;;3,24;360,0;UN;;;;;;;;;;licitacao-2024-12_0.zip;2024
Ferraz de Vasconcelos;PREFEITURA MUNICIPAL DE FERRAZ DE VASCONCELOS; 2024000000256;Contratacao Direta - Dispensa de licitacao;Medicamentos;PELARGONIUM SIDOIDES DC.GOTAS KALOBA 825MG/ML 20ML ;;;;86,99;24,0;FRS;;;;;;;;;;licitacao-2024-12_0.zip;2024
Ferraz de Vasconcelos;PREFEITURA MUNICIPAL DE FERRAZ DE VASCONCELOS; 2024000000256;Contratacao Direta - Dispensa de licitacao;Medicamentos;PELARGONIUM SIDOIDES DC.GOTAS KALOBA 825MG/ML 20ML ;;;;113,45;24,0;FRS;;;;;;;;;;licitacao-2024-12_0.zip;2024
Ferraz de Vasconcelos;PREFEITURA MUNICIPAL DE FERRAZ DE VASCONCELOS; 2024000000256;Contratacao Direta - Dispensa de licitacao;Medicamentos;PELARGONIUM SIDOIDES DC.GOTAS KALOBA 825MG/ML 20ML ;;;;121,39;24,0;FRS;;;;;;;;;;licitacao-2024-12_0.zip;2024
Ferraz de Vasconcelos;PREFEITURA MUNICIPAL DE FERRAZ DE VASCONCELOS; 2024000000256;Contratacao Direta - Dispensa de licitacao;Medicamentos;POMADA RESTRUTURANTE MG 500I 150G ;;;;11,95;24,0;TUB;;;;;;;;;;licitacao-2024-12_0.zip;2024
Ferraz de Vasconcelos;PREFEITURA MUNICIPAL DE FERRAZ DE VASCONCELOS; 2024000000256;Contratacao Direta - Dispensa de licitacao;Medicamentos;RINOSORO JET 0,9% INFANTIL SPRAY 100ML ;;;;34,9;36,0;FRS;;;;;;;;;;licitacao-2024-12_0.zip;2024
Ferraz de Vasconcelos;PREFEITURA MUNICIPAL DE FERRAZ DE VASCONCELOS; 2024000000256;Contratacao Direta - Dispensa de licitacao;Medicamentos;RINOSORO JET 0,9% INFANTIL SPRAY 100ML ;;;;44,96;36,0;FRS;;;;;;;;;;licitacao-2024-12_0.zip;2024
Ferraz de Vasconcelos;PREFEITURA MUNICIPAL DE FERRAZ DE VASCONCELOS; 2024000000256;Contratacao Direta - Dispensa de licitacao;Medicamentos;RINOSORO JET 0,9% INFANTIL SPRAY 100ML ;;;;52,89;36,0;FRS;;;;;;;;;;licitacao-2024-12_0.zip;2024
Ferraz de Vasconcelos;PREFEITURA MUNICIPAL DE FERRAZ DE VASCONCELOS; 2024000000256;Contratacao Direta - Dispensa de licitacao;Medicamentos;RINOSORO JET 0,9% INFANTIL SPRAY 100ML ;;;;56,59;36,0;FRS;;;;;;;;;;licitacao-2024-12_0.zip;2024
Ferraz de Vasconcelos;PREFEITURA MUNICIPAL DE FERRAZ DE VASCONCELOS; 2024000000256;Contratacao Direta - Dispensa de licitacao;Medicamentos;RIVAROXABANA XARELTO 15MG COMPRIMIDOS REVESTIDO ;;;;1,05;120,0;COM;;;;;;;;;;licitacao-2024-12_0.zip;2024
Ferraz de Vasconcelos;PREFEITURA MUNICIPAL DE FERRAZ DE VASCONCELOS; 2024000000256;Contratacao Direta - Dispensa de licitacao;Medicamentos;SERETIDE 25/125 MCG 120 DOSES ;;;;135,73;24,0;FRS;;;;;;;;;;licitacao-2024-12_0.zip;2024
Ferraz de Vasconcelos;PREFEITURA MUNICIPAL DE FERRAZ DE VASCONCELOS; 2024000000256;Contratacao Direta - Dispensa de licitacao;Medicamentos;SERETIDE 25/125 MCG 120 DOSES ;;;;141,54;24,0;FRS;;;;;;;;;;licitacao-2024-12_0.zip;2024
Ferraz de Vasconcelos;PREFEITURA MUNICIPAL DE FERRAZ DE VASCONCELOS; 2024000000256;Contratacao Direta - Dispensa de licitacao;Medicamentos;SERETIDE 25/125 MCG 120 DOSES ;;;;197,36;24,0;FRS;;;;;;;;;;licitacao-2024-12_0.zip;2024
Ferraz de Vasconcelos;PREFEITURA MUNICIPAL DE FERRAZ DE VASCONCELOS; 2024000000256;Contratacao Direta - Dispensa de licitacao;Medicamentos;SERETIDE 25/125 MCG 120 DOSES ;;;;211,17;24,0;FRS;;;;;;;;;;licitacao-2024-12_0.zip;2024
Ferraz de Vasconcelos;PREFEITURA MUNICIPAL DE FERRAZ DE VASCONCELOS; 2024000000256;Contratacao Direta - Dispensa de licitacao;Medicamentos;SERETIDE 25/125 MCG 120 DOSES ;;;;222,29;24,0;FRS;;;;;;;;;;licitacao-2024-12_0.zip;2024
Ferraz de Vasconcelos;PREFEITURA MUNICIPAL DE FERRAZ DE VASCONCELOS; 2024000000256;Contratacao Direta - Dispensa de licitacao;Medicamentos;SINVASTATINA 10MG ;;;;0,22;360,0;COM;;;;;;;;;;licitacao-2024-12_0.zip;2024
Ferraz de Vasconcelos;PREFEITURA MUNICIPAL DE FERRAZ DE VASCONCELOS; 2024000000256;Contratacao Direta - Dispensa de licitacao;Medicamentos;SINVASTATINA 10MG ;;;;0,23;360,0;COM;;;;;;;;;;licitacao-2024-12_0.zip;2024
Ferraz de Vasconcelos;PREFEITURA MUNICIPAL DE FERRAZ DE VASCONCELOS; 2024000000256;Contratacao Direta - Dispensa de licitacao;Medicamentos;SINVASTATINA 10MG ;;;;0,24;360,0;COM;;;;;;;;;;licitacao-2024-12_0.zip;2024
Ferraz de Vasconcelos;PREFEITURA MUNICIPAL DE FERRAZ DE VASCONCELOS; 2024000000256;Contratacao Direta - Dispensa de licitacao;Medicamentos;SINVASTATINA 10MG ;;;;0,57;360,0;COM;;;;;;;;;;licitacao-2024-12_0.zip;2024
Ferraz de Vasconcelos;PREFEITURA MUNICIPAL DE FERRAZ DE VASCONCELOS; 2024000000256;Contratacao Direta - Dispensa de licitacao;Medicamentos;"SORBITOL 70%;LAURIL SULFATO DE SODIO 714,0MG/G + 7,70MG/G SOL RET 6,5 MINILAX";;;;5,41;360,0;BIS;;;;;;;;;;licitacao-2024-12_0.zip;2024
Ferraz de Vasconcelos;PREFEITURA MUNICIPAL DE FERRAZ DE VASCONCELOS; 2024000000256;Contratacao Direta - Dispensa de licitacao;Medicamentos;"SORBITOL 70%;LAURIL SULFATO DE SODIO 714,0MG/G + 7,70MG/G SOL RET 6,5 MINILAX";;;;7,28;360,0;BIS;;;;;;;;;;licitacao-2024-12_0.zip;2024
Ferraz de Vasconcelos;PREFEITURA MUNICIPAL DE FERRAZ DE VASCONCELOS; 2024000000256;Contratacao Direta - Dispensa de licitacao;Medicamentos;"SORBITOL 70%;LAURIL SULFATO DE SODIO 714,0MG/G + 7,70MG/G SOL RET 6,5 MINILAX";;;;8,43;360,0;BIS;;;;;;;;;;licitacao-2024-12_0.zip;2024
Ferraz de Vasconcelos;PREFEITURA MUNICIPAL DE FERRAZ DE VASCONCELOS; 2024000000256;Contratacao Direta - Dispensa de licitacao;Medicamentos;"SORBITOL 70%;LAURIL SULFATO DE SODIO 714,0MG/G + 7,70MG/G SOL RET 6,5 MINILAX";;;;8,85;360,0;BIS;;;;;;;;;;licitacao-2024-12_0.zip;2024
Ferraz de Vasconcelos;PREFEITURA MUNICIPAL DE FERRAZ DE VASCONCELOS; 2024000000256;Contratacao Direta - Dispensa de licitacao;Medicamentos;"SORBITOL 70%;LAURIL SULFATO DE SODIO 714,0MG/G + 7,70MG/G SOL RET 6,5 MINILAX";;;;9,02;360,0;BIS;;;;;;;;;;licitacao-2024-12_0.zip;2024
Ferraz de Vasconcelos;PREFEITURA MUNICIPAL DE FERRAZ DE VASCONCELOS; 2024000000256;Contratacao Direta - Dispensa de licitacao;Medicamentos;SUPLEMENTO VITAMINICO E MINERAL-PURAV.MULTI 120ML ;;;;57,59;6,0;FRS;;;;;;;;;;licitacao-2024-12_0.zip;2024
Ferraz de Vasconcelos;PREFEITURA MUNICIPAL DE FERRAZ DE VASCONCELOS; 2024000000256;Contratacao Direta - Dispensa de licitacao;Medicamentos;SUPLEMENTO VITAMINICO E MINERAL-PURAV.MULTI 120ML ;;;;69,75;6,0;FRS;;;;;;;;;;licitacao-2024-12_0.zip;2024
Ferraz de Vasconcelos;PREFEITURA MUNICIPAL DE FERRAZ DE VASCONCELOS; 2024000000256;Contratacao Direta - Dispensa de licitacao;Medicamentos;SUPLEMENTO VITAMINICO E MINERAL-PURAV.MULTI 120ML ;;;;79,32;6,0;FRS;;;;;;;;;;licitacao-2024-12_0.zip;2024
Ferraz de Vasconcelos;PREFEITURA MUNICIPAL DE FERRAZ DE VASCONCELOS; 2024000000256;Contratacao Direta - Dispensa de licitacao;Medicamentos;SUPLEMENTO VITAMINICO E MINERAL-PURAV.MULTI 120ML ;;;;84,87;6,0;FRS;;;;;;;;;;licitacao-2024-12_0.zip;2024
Ferraz de Vasconcelos;PREFEITURA MUNICIPAL DE FERRAZ DE VASCONCELOS; 2024000000256;Contratacao Direta - Dispensa de licitacao;Medicamentos;SYMBICORT 6/100MCG. ;;;;131,53;6,0;FRS;;;;;;;;;;licitacao-2024-12_0.zip;2024
Ferraz de Vasconcelos;PREFEITURA MUNICIPAL DE FERRAZ DE VASCONCELOS; 2024000000256;Contratacao Direta - Dispensa de licitacao;Medicamentos;SYMBICORT 6/100MCG. ;;;;146,35;6,0;FRS;;;;;;;;;;licitacao-2024-12_0.zip;2024
Ferraz de Vasconcelos;PREFEITURA MUNICIPAL DE FERRAZ DE VASCONCELOS; 2024000000256;Contratacao Direta - Dispensa de licitacao;Medicamentos;SYMBICORT 6/100MCG. ;;;;206,7;6,0;FRS;;;;;;;;;;licitacao-2024-12_0.zip;2024
Ferraz de Vasconcelos;PREFEITURA MUNICIPAL DE FERRAZ DE VASCONCELOS; 2024000000256;Contratacao Direta - Dispensa de licitacao;Medicamentos;SYMBICORT 6/100MCG. ;;;;221,17;6,0;FRS;;;;;;;;;;licitacao-2024-12_0.zip;2024
Ferraz de Vasconcelos;PREFEITURA MUNICIPAL DE FERRAZ DE VASCONCELOS; 2024000000256;Contratacao Direta - Dispensa de licitacao;Medicamentos;TIOTROPIO BROMETO 2,5 MCG (60 DOSES) DOSE SOL INAL CT FR PLAS 4ML L (60 DOSES) +RESPIMAT;;;;260,01;12,0;FRS;;;;;;;;;;licitacao-2024-12_0.zip;2024
Ferraz de Vasconcelos;PREFEITURA MUNICIPAL DE FERRAZ DE VASCONCELOS; 2024000000256;Contratacao Direta - Dispensa de licitacao;Medicamentos;TIOTROPIO BROMETO 2,5 MCG (60 DOSES) DOSE SOL INAL CT FR PLAS 4ML L (60 DOSES) +RESPIMAT;;;;438,75;12,0;FRS;;;;;;;;;;licitacao-2024-12_0.zip;2024
Ferraz de Vasconcelos;PREFEITURA MUNICIPAL DE FERRAZ DE VASCONCELOS; 2024000000256;Contratacao Direta - Dispensa de licitacao;Medicamentos;TIOTROPIO BROMETO 2,5 MCG (60 DOSES) DOSE SOL INAL CT FR PLAS 4ML L (60 DOSES) +RESPIMAT;;;;538,35;12,0;FRS;;;;;;;;;;licitacao-2024-12_0.zip;2024
Ferraz de Vasconcelos;PREFEITURA MUNICIPAL DE FERRAZ DE VASCONCELOS; 2024000000256;Contratacao Direta - Dispensa de licitacao;Medicamentos;TIOTROPIO BROMETO 2,5 MCG (60 DOSES) DOSE SOL INAL CT FR PLAS 4ML L (60 DOSES) +RESPIMAT;;;;576,03;12,0;FRS;;;;;;;;;;licitacao-2024-12_0.zip;2024
Ferraz de Vasconcelos;PREFEITURA MUNICIPAL DE FERRAZ DE VASCONCELOS; 2024000000256;Contratacao Direta - Dispensa de licitacao;Medicamentos;TIZANIDINA CLORIDRATO 2MG. ;;;;1,24;2160,0;COM;;;;;;;;;;licitacao-2024-12_0.zip;2024
Ferraz de Vasconcelos;PREFEITURA MUNICIPAL DE FERRAZ DE VASCONCELOS; 2024000000256;Contratacao Direta - Dispensa de licitacao;Medicamentos;TIZANIDINA CLORIDRATO 2MG. ;;;;1,29;2160,0;COM;;;;;;;;;;licitacao-2024-12_0.zip;2024
Ferraz de Vasconcelos;PREFEITURA MUNICIPAL DE FERRAZ DE VASCONCELOS; 2024000000256;Contratacao Direta - Dispensa de licitacao;Medicamentos;TIZANIDINA CLORIDRATO 2MG. ;;;;1,38;2160,0;COM;;;;;;;;;;licitacao-2024-12_0.zip;2024
Ferraz de Vasconcelos;PREFEITURA MUNICIPAL DE FERRAZ DE VASCONCELOS; 2024000000256;Contratacao Direta - Dispensa de licitacao;Medicamentos;TIZANIDINA CLORIDRATO 2MG. ;;;;1,5;2160,0;COM;;;;;;;;;;licitacao-2024-12_0.zip;2024
Ferraz de Vasconcelos;PREFEITURA MUNICIPAL DE FERRAZ DE VASCONCELOS; 2024000000256;Contratacao Direta - Dispensa de licitacao;Medicamentos;TRESIBA DEGLUDECA INSULINA 100 UI/ML SOL INJ 3ML X SIST APLIC PLAS (FLEXTOUCHE);;;;135,49;24,0;UN;;;;;;;;;;licitacao-2024-12_0.zip;2024
Ferraz de Vasconcelos;PREFEITURA MUNICIPAL DE FERRAZ DE VASCONCELOS; 2024000000256;Contratacao Direta - Dispensa de licitacao;Medicamentos;TRESIBA DEGLUDECA INSULINA 100 UI/ML SOL INJ 3ML X SIST APLIC PLAS (FLEXTOUCHE);;;;148,01;24,0;UN;;;;;;;;;;licitacao-2024-12_0.zip;2024
Ferraz de Vasconcelos;PREFEITURA MUNICIPAL DE FERRAZ DE VASCONCELOS; 2024000000256;Contratacao Direta - Dispensa de licitacao;Medicamentos;TRESIBA DEGLUDECA INSULINA 100 UI/ML SOL INJ 3ML X SIST APLIC PLAS (FLEXTOUCHE);;;;240,5;24,0;UN;;;;;;;;;;licitacao-2024-12_0.zip;2024
Ferraz de Vasconcelos;PREFEITURA MUNICIPAL DE FERRAZ DE VASCONCELOS; 2024000000256;Contratacao Direta - Dispensa de licitacao;Medicamentos;TRESIBA DEGLUDECA INSULINA 100 UI/ML SOL INJ 3ML X SIST APLIC PLAS (FLEXTOUCHE);;;;257,33;24,0;UN;;;;;;;;;;licitacao-2024-12_0.zip;2024
Ferraz de Vasconcelos;PREFEITURA MUNICIPAL DE FERRAZ DE VASCONCELOS; 2024000000256;Contratacao Direta - Dispensa de licitacao;Medicamentos;VALSARTANA + SACUBITRIL 24/26MG ENTRESTO 50MG ;;;;5,75;360,0;COM;;;;;;;;;;licitacao-2024-12_0.zip;2024
Ferraz de Vasconcelos;PREFEITURA MUNICIPAL DE FERRAZ DE VASCONCELOS; 2024000000256;Contratacao Direta - Dispensa de licitacao;Medicamentos;VALSARTANA + SACUBITRIL 24/26MG ENTRESTO 50MG ;;;;5,83;360,0;COM;;;;;;;;;;licitacao-2024-12_0.zip;2024
Ferraz de Vasconcelos;PREFEITURA MUNICIPAL DE FERRAZ DE VASCONCELOS; 2024000000256;Contratacao Direta - Dispensa de licitacao;Medicamentos;VALSARTANA + SACUBITRIL 24/26MG ENTRESTO 50MG ;;;;8,21;360,0;COM;;;;;;;;;;licitacao-2024-12_0.zip;2024
Ferraz de Vasconcelos;PREFEITURA MUNICIPAL DE FERRAZ DE VASCONCELOS; 2024000000256;Contratacao Direta - Dispensa de licitacao;Medicamentos;VALSARTANA + SACUBITRIL 24/26MG ENTRESTO 50MG ;;;;8,76;360,0;COM;;;;;;;;;;licitacao-2024-12_0.zip;2024
Ferraz de Vasconcelos;PREFEITURA MUNICIPAL DE FERRAZ DE VASCONCELOS; 2024000000256;Contratacao Direta - Dispensa de licitacao;Medicamentos;VALSARTANA + SACUBITRIL 24/26MG ENTRESTO 50MG ;;;;8,78;360,0;COM;;;;;;;;;;licitacao-2024-12_0.zip;2024
Ferraz de Vasconcelos;PREFEITURA MUNICIPAL DE FERRAZ DE VASCONCELOS; 2022000000678;Contratacao Direta - Dispensa de licitacao;Medicamentos;CAVILON CREME BARREIRA DURAVEL 92G 3M ;;;;280,0;24,0;TUB;;;;;;;;;;licitacao-2022-09_1.csv;2022
Ferraz de Vasconcelos;PREFEITURA MUNICIPAL DE FERRAZ DE VASCONCELOS; 2022000000678;Contratacao Direta - Dispensa de licitacao;Medicamentos;CAVILON CREME BARREIRA DURAVEL 92G 3M ;;;;280,5;24,0;TUB;;;;;;;;;;licitacao-2022-09_1.csv;2022
Ferraz de Vasconcelos;PREFEITURA MUNICIPAL DE FERRAZ DE VASCONCELOS; 2022000000678;Contratacao Direta - Dispensa de licitacao;Medicamentos;CAVILON CREME BARREIRA DURAVEL 92G 3M ;;;;281,0;24,0;TUB;;;;;;;;;;licitacao-2022-09_1.csv;2022
Ferraz de Vasconcelos;PREFEITURA MUNICIPAL DE FERRAZ DE VASCONCELOS; 2022000000678;Contratacao Direta - Dispensa de licitacao;Medicamentos;MUPIROCINA 2% 20MG/G 15G ;;;;38,8;48,0;TUB;;;;;;;;;;licitacao-2022-09_1.csv;2022
Ferraz de Vasconcelos;PREFEITURA MUNICIPAL DE FERRAZ DE VASCONCELOS; 2022000000678;Contratacao Direta - Dispensa de licitacao;Medicamentos;MUPIROCINA 2% 20MG/G 15G ;;;;39,3;48,0;TUB;;;;;;;;;;licitacao-2022-09_1.csv;2022
Ferraz de Vasconcelos;PREFEITURA MUNICIPAL DE FERRAZ DE VASCONCELOS; 2022000000678;Contratacao Direta - Dispensa de licitacao;Medicamentos;MUPIROCINA 2% 20MG/G 15G ;;;;39,8;48,0;TUB;;;;;;;;;;licitacao-2022-09_1.csv;2022
Ferraz de Vasconcelos;PREFEITURA MUNICIPAL DE FERRAZ DE VASCONCELOS; 2022000000678;Contratacao Direta - Dispensa de licitacao;Medicamentos;NEUTROFER 250MG/ML 30ML GOTAS FERRO QUELATO GLICINATO;;;;52,44;12,0;FRS;;;;;;;;;;licitacao-2022-09_1.csv;2022
Ferraz de Vasconcelos;PREFEITURA MUNICIPAL DE FERRAZ DE VASCONCELOS; 2022000000678;Contratacao Direta - Dispensa de licitacao;Medicamentos;NEUTROFER 250MG/ML 30ML GOTAS FERRO QUELATO GLICINATO;;;;52,94;12,0;FRS;;;;;;;;;;licitacao-2022-09_1.csv;2022
Ferraz de Vasconcelos;PREFEITURA MUNICIPAL DE FERRAZ DE VASCONCELOS; 2022000000678;Contratacao Direta - Dispensa de licitacao;Medicamentos;NEUTROFER 250MG/ML 30ML GOTAS FERRO QUELATO GLICINATO;;;;53,44;12,0;FRS;;;;;;;;;;licitacao-2022-09_1.csv;2022
Ferraz de Vasconcelos;PREFEITURA MUNICIPAL DE FERRAZ DE VASCONCELOS; 2022000000678;Contratacao Direta - Dispensa de licitacao;Medicamentos;POMADA P/ASSADURA A BASE DE NISTATINA 100.000UI/G 100.000UI/G E OXIDO DE ZINCO 200MG/G 60G;;;;15,0;24,0;TUB;;;;;;;;;;licitacao-2022-09_1.csv;2022
Ferraz de Vasconcelos;PREFEITURA MUNICIPAL DE FERRAZ DE VASCONCELOS; 2022000000678;Contratacao Direta - Dispensa de licitacao;Medicamentos;POMADA P/ASSADURA A BASE DE NISTATINA 100.000UI/G 100.000UI/G E OXIDO DE ZINCO 200MG/G 60G;;;;15,5;24,0;TUB;;;;;;;;;;licitacao-2022-09_1.csv;2022
Ferraz de Vasconcelos;PREFEITURA MUNICIPAL DE FERRAZ DE VASCONCELOS; 2022000000678;Contratacao Direta - Dispensa de licitacao;Medicamentos;POMADA P/ASSADURA A BASE DE NISTATINA 100.000UI/G 100.000UI/G E OXIDO DE ZINCO 200MG/G 60G;;;;16,0;24,0;TUB;;;;;;;;;;licitacao-2022-09_1.csv;2022
Ferraz de Vasconcelos;PREFEITURA MUNICIPAL DE FERRAZ DE VASCONCELOS; 2022000000678;Contratacao Direta - Dispensa de licitacao;Medicamentos;PURAVIT MULTI 120ML(SUPLEMENTO VITAMINICO E MIN.) SUPLEMENTO VITAMINICO E MINERAL;;;;57,0;12,0;FRS;;;;;;;;;;licitacao-2022-09_1.csv;2022
Ferraz de Vasconcelos;PREFEITURA MUNICIPAL DE FERRAZ DE VASCONCELOS; 2022000000678;Contratacao Direta - Dispensa de licitacao;Medicamentos;PURAVIT MULTI 120ML(SUPLEMENTO VITAMINICO E MIN.) SUPLEMENTO VITAMINICO E MINERAL;;;;57,5;12,0;FRS;;;;;;;;;;licitacao-2022-09_1.csv;2022
Ferraz de Vasconcelos;PREFEITURA MUNICIPAL DE FERRAZ DE VASCONCELOS; 2022000000678;Contratacao Direta - Dispensa de licitacao;Medicamentos;PURAVIT MULTI 120ML(SUPLEMENTO VITAMINICO E MIN.) SUPLEMENTO VITAMINICO E MINERAL;;;;58,0;12,0;FRS;;;;;;;;;;licitacao-2022-09_1.csv;2022
Ferraz de Vasconcelos;PREFEITURA MUNICIPAL DE FERRAZ DE VASCONCELOS; 2022000000678;Contratacao Direta - Dispensa de licitacao;Medicamentos;RINOSORO JET 0,9% INFANTIL SPRAY 100ML ;;;;38,96;36,0;FRS;;;;;;;;;;licitacao-2022-09_1.csv;2022
Ferraz de Vasconcelos;PREFEITURA MUNICIPAL DE FERRAZ DE VASCONCELOS; 2022000000678;Contratacao Direta - Dispensa de licitacao;Medicamentos;RINOSORO JET 0,9% INFANTIL SPRAY 100ML ;;;;39,46;36,0;FRS;;;;;;;;;;licitacao-2022-09_1.csv;2022
Ferraz de Vasconcelos;PREFEITURA MUNICIPAL DE FERRAZ DE VASCONCELOS; 2022000000678;Contratacao Direta - Dispensa de licitacao;Medicamentos;RINOSORO JET 0,9% INFANTIL SPRAY 100ML ;;;;39,96;36,0;FRS;;;;;;;;;;licitacao-2022-09_1.csv;2022
Ferraz de Vasconcelos;PREFEITURA MUNICIPAL DE FERRAZ DE VASCONCELOS; 2022000000678;Contratacao Direta - Dispensa de licitacao;Medicamentos;VITAMINA D 200UI GOTAS 30ML ;;;;25,0;12,0;FRS;;;;;;;;;;licitacao-2022-09_1.csv;2022
Ferraz de Vasconcelos;PREFEITURA MUNICIPAL DE FERRAZ DE VASCONCELOS; 2022000000678;Contratacao Direta - Dispensa de licitacao;Medicamentos;VITAMINA D 200UI GOTAS 30ML ;;;;25,5;12,0;FRS;;;;;;;;;;licitacao-2022-09_1.csv;2022
Ferraz de Vasconcelos;PREFEITURA MUNICIPAL DE FERRAZ DE VASCONCELOS; 2022000000678;Contratacao Direta - Dispensa de licitacao;Medicamentos;VITAMINA D 200UI GOTAS 30ML ;;;;26,0;12,0;FRS;;;;;;;;;;licitacao-2022-09_1.csv;2022
Ferraz de Vasconcelos;PREFEITURA MUNICIPAL DE FERRAZ DE VASCONCELOS; 2022000000679;Contratacao Direta - Dispensa de licitacao;Medicamentos;ACETILCISTEINA 10% 100MG/ML AMPOLA 3ML ;;;;4,2;240,0;AMP;;;;;;;;;;licitacao-2022-09_1.csv;2022
Ferraz de Vasconcelos;PREFEITURA MUNICIPAL DE FERRAZ DE VASCONCELOS; 2022000000679;Contratacao Direta - Dispensa de licitacao;Medicamentos;ACETILCISTEINA 10% 100MG/ML AMPOLA 3ML ;;;;5,2;240,0;AMP;;;;;;;;;;licitacao-2022-09_1.csv;2022
Ferraz de Vasconcelos;PREFEITURA MUNICIPAL DE FERRAZ DE VASCONCELOS; 2022000000679;Contratacao Direta - Dispensa de licitacao;Medicamentos;ACETILCISTEINA 10% 100MG/ML AMPOLA 3ML ;;;;5,3;240,0;AMP;;;;;;;;;;licitacao-2022-09_1.csv;2022
Ferraz de Vasconcelos;PREFEITURA MUNICIPAL DE FERRAZ DE VASCONCELOS; 2022000000679;Contratacao Direta - Dispensa de licitacao;Medicamentos;CLENIL A(DIPROPIONATO DE BECLOMETASONA 400MCG/ML FLACONETE 2ML;;;;6,26;360,0;UN;;;;;;;;;;licitacao-2022-09_1.csv;2022
Ferraz de Vasconcelos;PREFEITURA MUNICIPAL DE FERRAZ DE VASCONCELOS; 2022000000679;Contratacao Direta - Dispensa de licitacao;Medicamentos;CLENIL A(DIPROPIONATO DE BECLOMETASONA 400MCG/ML FLACONETE 2ML;;;;6,36;360,0;UN;;;;;;;;;;licitacao-2022-09_1.csv;2022
Ferraz de Vasconcelos;PREFEITURA MUNICIPAL DE FERRAZ DE VASCONCELOS; 2022000000679;Contratacao Direta - Dispensa de licitacao;Medicamentos;CLENIL A(DIPROPIONATO DE BECLOMETASONA 400MCG/ML FLACONETE 2ML;;;;6,41;360,0;UN;;;;;;;;;;licitacao-2022-09_1.csv;2022
Ferraz de Vasconcelos;PREFEITURA MUNICIPAL DE FERRAZ DE VASCONCELOS; 2022000000679;Contratacao Direta - Dispensa de licitacao;Medicamentos;DIETA NUTRINI ENERGY MULTI FIBER 1,5KL 200ML ISENTA DE LACTOSE E SACAROSE;;;;39,49;360,0;FRS;;;;;;;;;;licitacao-2022-09_1.csv;2022
Ferraz de Vasconcelos;PREFEITURA MUNICIPAL DE FERRAZ DE VASCONCELOS; 2022000000679;Contratacao Direta - Dispensa de licitacao;Medicamentos;DIETA NUTRINI ENERGY MULTI FIBER 1,5KL 200ML ISENTA DE LACTOSE E SACAROSE;;;;42,7;360,0;FRS;;;;;;;;;;licitacao-2022-09_1.csv;2022
Ferraz de Vasconcelos;PREFEITURA MUNICIPAL DE FERRAZ DE VASCONCELOS; 2022000000679;Contratacao Direta - Dispensa de licitacao;Medicamentos;DIETA NUTRINI ENERGY MULTI FIBER 1,5KL 200ML ISENTA DE LACTOSE E SACAROSE;;;;43,2;360,0;FRS;;;;;;;;;;licitacao-2022-09_1.csv;2022
Ferraz de Vasconcelos;PREFEITURA MUNICIPAL DE FERRAZ DE VASCONCELOS; 2022000000783;Contratacao Direta - Dispensa de licitacao;Medicamentos;BRENTUXIMABE VEDOTINA 50MG/AMPOLA ;;;;25000,0;2,0;AMP;;;;;;;;;;licitacao-2022-09_1.csv;2022
Ferraz de Vasconcelos;PREFEITURA MUNICIPAL DE FERRAZ DE VASCONCELOS; 2022000000783;Contratacao Direta - Dispensa de licitacao;Medicamentos;BRENTUXIMABE VEDOTINA 50MG/AMPOLA ;;;;26000,0;2,0;AMP;;;;;;;;;;licitacao-2022-09_1.csv;2022
Ferraz de Vasconcelos;PREFEITURA MUNICIPAL DE FERRAZ DE VASCONCELOS; 2022000000783;Contratacao Direta - Dispensa de licitacao;Medicamentos;BRENTUXIMABE VEDOTINA 50MG/AMPOLA ;;;;27000,0;2,0;AMP;;;;;;;;;;licitacao-2022-09_1.csv;2022
Ferraz de Vasconcelos;PREFEITURA MUNICIPAL DE FERRAZ DE VASCONCELOS; 2022000000808;Contratacao Direta - Dispensa de licitacao;Medicamentos;VEDOLIZUMABE 300MG ;;;;17300,0;2,0;AMP;;;;;;;;;;licitacao-2022-09_1.csv;2022
Ferraz de Vasconcelos;PREFEITURA MUNICIPAL DE FERRAZ DE VASCONCELOS; 2022000000808;Contratacao Direta - Dispensa de licitacao;Medicamentos;VEDOLIZUMABE 300MG ;;;;18500,0;2,0;AMP;;;;;;;;;;licitacao-2022-09_1.csv;2022
Ferraz de Vasconcelos;PREFEITURA MUNICIPAL DE FERRAZ DE VASCONCELOS; 2022000000808;Contratacao Direta - Dispensa de licitacao;Medicamentos;VEDOLIZUMABE 300MG ;;;;19634,6;2,0;AMP;;;;;;;;;;licitacao-2022-09_1.csv;2022
Ferraz de Vasconcelos;PREFEITURA MUNICIPAL DE FERRAZ DE VASCONCELOS; 2022000000810;Contratacao Direta - Dispensa de licitacao;Medicamentos;ALLEGRA 6MG/ML 60ML ;;;;29,32;3,0;FRS;;;;;;;;;;licitacao-2022-09_1.csv;2022
Ferraz de Vasconcelos;PREFEITURA MUNICIPAL DE FERRAZ DE VASCONCELOS; 2022000000810;Contratacao Direta - Dispensa de licitacao;Medicamentos;ALLEGRA 6MG/ML 60ML ;;;;30,0;3,0;FRS;;;;;;;;;;licitacao-2022-09_1.csv;2022
Ferraz de Vasconcelos;PREFEITURA MUNICIPAL DE FERRAZ DE VASCONCELOS; 2022000000810;Contratacao Direta - Dispensa de licitacao;Medicamentos;ALLEGRA 6MG/ML 60ML ;;;;30,55;3,0;FRS;;;;;;;;;;licitacao-2022-09_1.csv;2022
Ferraz de Vasconcelos;PREFEITURA MUNICIPAL DE FERRAZ DE VASCONCELOS; 2022000000810;Contratacao Direta - Dispensa de licitacao;Medicamentos;CAVILON SPRAY PROTETOR CUTANEO 28ML 3M ;;;;155,25;1,0;FRS;;;;;;;;;;licitacao-2022-09_1.csv;2022
Ferraz de Vasconcelos;PREFEITURA MUNICIPAL DE FERRAZ DE VASCONCELOS; 2022000000810;Contratacao Direta - Dispensa de licitacao;Medicamentos;CAVILON SPRAY PROTETOR CUTANEO 28ML 3M ;;;;157,0;1,0;FRS;;;;;;;;;;licitacao-2022-09_1.csv;2022
Ferraz de Vasconcelos;PREFEITURA MUNICIPAL DE FERRAZ DE VASCONCELOS; 2022000000810;Contratacao Direta - Dispensa de licitacao;Medicamentos;CAVILON SPRAY PROTETOR CUTANEO 28ML 3M ;;;;157,5;1,0;FRS;;;;;;;;;;licitacao-2022-09_1.csv;2022
Ferraz de Vasconcelos;PREFEITURA MUNICIPAL DE FERRAZ DE VASCONCELOS; 2022000000810;Contratacao Direta - Dispensa de licitacao;Medicamentos;CLENIL HFA 50MCG 200 DOSES ;;;;40,0;1,0;FRS;;;;;;;;;;licitacao-2022-09_1.csv;2022
Ferraz de Vasconcelos;PREFEITURA MUNICIPAL DE FERRAZ DE VASCONCELOS; 2022000000810;Contratacao Direta - Dispensa de licitacao;Medicamentos;CLENIL HFA 50MCG 200 DOSES ;;;;40,25;1,0;FRS;;;;;;;;;;licitacao-2022-09_1.csv;2022
Ferraz de Vasconcelos;PREFEITURA MUNICIPAL DE FERRAZ DE VASCONCELOS; 2022000000810;Contratacao Direta - Dispensa de licitacao;Medicamentos;CLENIL HFA 50MCG 200 DOSES ;;;;42,5;1,0;FRS;;;;;;;;;;licitacao-2022-09_1.csv;2022
Ferraz de Vasconcelos;PREFEITURA MUNICIPAL DE FERRAZ DE VASCONCELOS; 2022000000810;Contratacao Direta - Dispensa de licitacao;Medicamentos;DERMACERIUM 30G ;;;;53,0;1,0;TUB;;;;;;;;;;licitacao-2022-09_1.csv;2022
Ferraz de Vasconcelos;PREFEITURA MUNICIPAL DE FERRAZ DE VASCONCELOS; 2022000000810;Contratacao Direta - Dispensa de licitacao;Medicamentos;DERMACERIUM 30G ;;;;53,33;1,0;TUB;;;;;;;;;;licitacao-2022-09_1.csv;2022
Ferraz de Vasconcelos;PREFEITURA MUNICIPAL DE FERRAZ DE VASCONCELOS; 2022000000810;Contratacao Direta - Dispensa de licitacao;Medicamentos;DERMACERIUM 30G ;;;;53,66;1,0;TUB;;;;;;;;;;licitacao-2022-09_1.csv;2022
Ferraz de Vasconcelos;PREFEITURA MUNICIPAL DE FERRAZ DE VASCONCELOS; 2022000000810;Contratacao Direta - Dispensa de licitacao;Medicamentos;DIETA NUTRINI ENERGY MULTI FIBER 1,5KL 200ML ISENTA DE LACTOSE E SACAROSE;;;;40,49;217,0;FRS;;;;;;;;;;licitacao-2022-09_1.csv;2022
Ferraz de Vasconcelos;PREFEITURA MUNICIPAL DE FERRAZ DE VASCONCELOS; 2022000000810;Contratacao Direta - Dispensa de licitacao;Medicamentos;DIETA NUTRINI ENERGY MULTI FIBER 1,5KL 200ML ISENTA DE LACTOSE E SACAROSE;;;;42,0;217,0;FRS;;;;;;;;;;licitacao-2022-09_1.csv;2022
Ferraz de Vasconcelos;PREFEITURA MUNICIPAL DE FERRAZ DE VASCONCELOS; 2022000000810;Contratacao Direta - Dispensa de licitacao;Medicamentos;DIETA NUTRINI ENERGY MULTI FIBER 1,5KL 200ML ISENTA DE LACTOSE E SACAROSE;;;;42,5;217,0;FRS;;;;;;;;;;licitacao-2022-09_1.csv;2022
Ferraz de Vasconcelos;PREFEITURA MUNICIPAL DE FERRAZ DE VASCONCELOS; 2022000000810;Contratacao Direta - Dispensa de licitacao;Medicamentos;DOMPERIDONA 1MG/ML SUSP. ORAL FRS 100ML ;;;;24,5;2,0;FRS;;;;;;;;;;licitacao-2022-09_1.csv;2022
Ferraz de Vasconcelos;PREFEITURA MUNICIPAL DE FERRAZ DE VASCONCELOS; 2022000000810;Contratacao Direta - Dispensa de licitacao;Medicamentos;DOMPERIDONA 1MG/ML SUSP. ORAL FRS 100ML ;;;;25,0;2,0;FRS;;;;;;;;;;licitacao-2022-09_1.csv;2022
Ferraz de Vasconcelos;PREFEITURA MUNICIPAL DE FERRAZ DE VASCONCELOS; 2022000000810;Contratacao Direta - Dispensa de licitacao;Medicamentos;DOMPERIDONA 1MG/ML SUSP. ORAL FRS 100ML ;;;;25,04;2,0;FRS;;;;;;;;;;licitacao-2022-09_1.csv;2022
Ferraz de Vasconcelos;PREFEITURA MUNICIPAL DE FERRAZ DE VASCONCELOS; 2022000000810;Contratacao Direta - Dispensa de licitacao;Medicamentos;LACTULONA XAROPE 120ML ;;;;17,0;3,0;FRS;;;;;;;;;;licitacao-2022-09_1.csv;2022
Ferraz de Vasconcelos;PREFEITURA MUNICIPAL DE FERRAZ DE VASCONCELOS; 2022000000810;Contratacao Direta - Dispensa de licitacao;Medicamentos;LACTULONA XAROPE 120ML ;;;;17,2;3,0;FRS;;;;;;;;;;licitacao-2022-09_1.csv;2022
Ferraz de Vasconcelos;PREFEITURA MUNICIPAL DE FERRAZ DE VASCONCELOS; 2022000000810;Contratacao Direta - Dispensa de licitacao;Medicamentos;LACTULONA XAROPE 120ML ;;;;18,0;3,0;FRS;;;;;;;;;;licitacao-2022-09_1.csv;2022
Ferraz de Vasconcelos;PREFEITURA MUNICIPAL DE FERRAZ DE VASCONCELOS; 2022000000810;Contratacao Direta - Dispensa de licitacao;Medicamentos;NEULEPTIL 4% 40MG GOTAS 20ML ;;;;21,82;1,0;FRS;;;;;;;;;;licitacao-2022-09_1.csv;2022
Ferraz de Vasconcelos;PREFEITURA MUNICIPAL DE FERRAZ DE VASCONCELOS; 2022000000810;Contratacao Direta - Dispensa de licitacao;Medicamentos;NEULEPTIL 4% 40MG GOTAS 20ML ;;;;23,0;1,0;FRS;;;;;;;;;;licitacao-2022-09_1.csv;2022
Ferraz de Vasconcelos;PREFEITURA MUNICIPAL DE FERRAZ DE VASCONCELOS; 2022000000810;Contratacao Direta - Dispensa de licitacao;Medicamentos;NEULEPTIL 4% 40MG GOTAS 20ML ;;;;23,45;1,0;FRS;;;;;;;;;;licitacao-2022-09_1.csv;2022
Ferraz de Vasconcelos;PREFEITURA MUNICIPAL DE FERRAZ DE VASCONCELOS; 2022000000810;Contratacao Direta - Dispensa de licitacao;Medicamentos;PULMICORT 0,25MG/ML ;;;;9,35;40,0;AMP;;;;;;;;;;licitacao-2022-09_1.csv;2022
Ferraz de Vasconcelos;PREFEITURA MUNICIPAL DE FERRAZ DE VASCONCELOS; 2022000000810;Contratacao Direta - Dispensa de licitacao;Medicamentos;PULMICORT 0,25MG/ML ;;;;190,0;40,0;AMP;;;;;;;;;;licitacao-2022-09_1.csv;2022
Ferraz de Vasconcelos;PREFEITURA MUNICIPAL DE FERRAZ DE VASCONCELOS; 2022000000810;Contratacao Direta - Dispensa de licitacao;Medicamentos;PULMICORT 0,25MG/ML ;;;;191,0;40,0;AMP;;;;;;;;;;licitacao-2022-09_1.csv;2022
Ferraz de Vasconcelos;PREFEITURA MUNICIPAL DE FERRAZ DE VASCONCELOS; 2022000000834;Contratacao Direta - Dispensa de licitacao;Medicamentos;ESBRIET 267MG CAPSULAS DURAS(PIRFENIDONA)C/270 ;;;;11200,0;1,0;CX;;;;;;;;;;licitacao-2022-09_1.csv;2022
Ferraz de Vasconcelos;PREFEITURA MUNICIPAL DE FERRAZ DE VASCONCELOS; 2022000000834;Contratacao Direta - Dispensa de licitacao;Medicamentos;ESBRIET 267MG CAPSULAS DURAS(PIRFENIDONA)C/270 ;;;;13278,0;1,0;CX;;;;;;;;;;licitacao-2022-09_1.csv;2022
Ferraz de Vasconcelos;PREFEITURA MUNICIPAL DE FERRAZ DE VASCONCELOS; 2022000000834;Contratacao Direta - Dispensa de licitacao;Medicamentos;ESBRIET 267MG CAPSULAS DURAS(PIRFENIDONA)C/270 ;;;;17287,43;1,0;CX;;;;;;;;;;licitacao-2022-09_1.csv;2022
Ferraz de Vasconcelos;"SECRETARIA DA SAUDE / HOSPITAL REG""OSIRIS FLORINDO COELHO""DE FERRAZ DE VASCONCELOS"; 2023856665477;Contratacao Direta - Dispensa de licitacao;Medicamentos;195727-9 - MEDICAMENTOS GERAIS DE USO HUMANO METRONIDAZOL 5 MG/ML (0,5%), FORMA FARMACEUTICA SOLUCAO INJETAVEL, FORMA DE APRESENTACAO FRASCO/BOLSA 100ML SISTEMA FECHADO, VIA DE ADMINISTRACAO INTRAVENOSA;;;;2,99;2000,0;ampola 4,00 ml;;;;;;;;;;licitacao-2023-08_0.csv;2023
Ferraz de Vasconcelos;"SECRETARIA DA SAUDE / HOSPITAL REG""OSIRIS FLORINDO COELHO""DE FERRAZ DE VASCONCELOS"; 2023856665477;Contratacao Direta - Dispensa de licitacao;Medicamentos;195727-9 - MEDICAMENTOS GERAIS DE USO HUMANO METRONIDAZOL 5 MG/ML (0,5%), FORMA FARMACEUTICA SOLUCAO INJETAVEL, FORMA DE APRESENTACAO FRASCO/BOLSA 100ML SISTEMA FECHADO, VIA DE ADMINISTRACAO INTRAVENOSA;;;;3,0;2000,0;ampola 4,00 ml;;;;;;;;;;licitacao-2023-08_0.csv;2023
Ferraz de Vasconcelos;"SECRETARIA DA SAUDE / HOSPITAL REG""OSIRIS FLORINDO COELHO""DE FERRAZ DE VASCONCELOS"; 2023856665477;Contratacao Direta - Dispensa de licitacao;Medicamentos;195727-9 - MEDICAMENTOS GERAIS DE USO HUMANO METRONIDAZOL 5 MG/ML (0,5%), FORMA FARMACEUTICA SOLUCAO INJETAVEL, FORMA DE APRESENTACAO FRASCO/BOLSA 100ML SISTEMA FECHADO, VIA DE ADMINISTRACAO INTRAVENOSA;;;;3,17;2000,0;ampola 4,00 ml;;;;;;;;;;licitacao-2023-08_0.csv;2023
Ferraz de Vasconcelos;"SECRETARIA DA SAUDE / HOSPITAL REG""OSIRIS FLORINDO COELHO""DE FERRAZ DE VASCONCELOS"; 2023856665477;Contratacao Direta - Dispensa de licitacao;Medicamentos;195727-9 - MEDICAMENTOS GERAIS DE USO HUMANO METRONIDAZOL 5 MG/ML (0,5%), FORMA FARMACEUTICA SOLUCAO INJETAVEL, FORMA DE APRESENTACAO FRASCO/BOLSA 100ML SISTEMA FECHADO, VIA DE ADMINISTRACAO INTRAVENOSA;;;;3,333;2000,0;ampola 4,00 ml;;;;;;;;;;licitacao-2023-08_0.csv;2023
Ferraz de Vasconcelos;"SECRETARIA DA SAUDE / HOSPITAL REG""OSIRIS FLORINDO COELHO""DE FERRAZ DE VASCONCELOS"; 2023856665477;Contratacao Direta - Dispensa de licitacao;Medicamentos;195727-9 - MEDICAMENTOS GERAIS DE USO HUMANO METRONIDAZOL 5 MG/ML (0,5%), FORMA FARMACEUTICA SOLUCAO INJETAVEL, FORMA DE APRESENTACAO FRASCO/BOLSA 100ML SISTEMA FECHADO, VIA DE ADMINISTRACAO INTRAVENOSA;;;;4,74;2000,0;ampola 4,00 ml;;;;;;;;;;licitacao-2023-08_0.csv;2023
Ferraz de Vasconcelos;"SECRETARIA DA SAUDE / HOSPITAL REG""OSIRIS FLORINDO COELHO""DE FERRAZ DE VASCONCELOS"; 2023856665477;Contratacao Direta - Dispensa de licitacao;Medicamentos;197577-3 - MEDICAMENTOS GERAIS DE USO HUMANO  CEFTRIAXONA 1G, FORMA FARMACEUTICA PO LIOFILO PARA SOLUCAO INJETAVEL, FORMA DE APRESENTACAO FRASCO-AMPOLA COM OU SEM DILUENTE, VIA DE ADMINISTRACAO INTRAVENOSA;;;;2,95;2500,0;unidade;;;;;;;;;;licitacao-2023-08_0.csv;2023
Ferraz de Vasconcelos;"SECRETARIA DA SAUDE / HOSPITAL REG""OSIRIS FLORINDO COELHO""DE FERRAZ DE VASCONCELOS"; 2023856665477;Contratacao Direta - Dispensa de licitacao;Medicamentos;197577-3 - MEDICAMENTOS GERAIS DE USO HUMANO  CEFTRIAXONA 1G, FORMA FARMACEUTICA PO LIOFILO PARA SOLUCAO INJETAVEL, FORMA DE APRESENTACAO FRASCO-AMPOLA COM OU SEM DILUENTE, VIA DE ADMINISTRACAO INTRAVENOSA;;;;3,34;2500,0;unidade;;;;;;;;;;licitacao-2023-08_0.csv;2023
Ferraz de Vasconcelos;"SECRETARIA DA SAUDE / HOSPITAL REG""OSIRIS FLORINDO COELHO""DE FERRAZ DE VASCONCELOS"; 2023856665477;Contratacao Direta - Dispensa de licitacao;Medicamentos;197577-3 - MEDICAMENTOS GERAIS DE USO HUMANO  CEFTRIAXONA 1G, FORMA FARMACEUTICA PO LIOFILO PARA SOLUCAO INJETAVEL, FORMA DE APRESENTACAO FRASCO-AMPOLA COM OU SEM DILUENTE, VIA DE ADMINISTRACAO INTRAVENOSA;;;;3,4;2500,0;unidade;;;;;;;;;;licitacao-2023-08_0.csv;2023
Ferraz de Vasconcelos;"SECRETARIA DA SAUDE / HOSPITAL REG""OSIRIS FLORINDO COELHO""DE FERRAZ DE VASCONCELOS"; 2023856665477;Contratacao Direta - Dispensa de licitacao;Medicamentos;197577-3 - MEDICAMENTOS GERAIS DE USO HUMANO  CEFTRIAXONA 1G, FORMA FARMACEUTICA PO LIOFILO PARA SOLUCAO INJETAVEL, FORMA DE APRESENTACAO FRASCO-AMPOLA COM OU SEM DILUENTE, VIA DE ADMINISTRACAO INTRAVENOSA;;;;6,0;2500,0;unidade;;;;;;;;;;licitacao-2023-08_0.csv;2023
Ferraz de Vasconcelos;"SECRETARIA DA SAUDE / HOSPITAL REG""OSIRIS FLORINDO COELHO""DE FERRAZ DE VASCONCELOS"; 2023856665477;Contratacao Direta - Dispensa de licitacao;Medicamentos;197577-3 - MEDICAMENTOS GERAIS DE USO HUMANO  CEFTRIAXONA 1G, FORMA FARMACEUTICA PO LIOFILO PARA SOLUCAO INJETAVEL, FORMA DE APRESENTACAO FRASCO-AMPOLA COM OU SEM DILUENTE, VIA DE ADMINISTRACAO INTRAVENOSA;;;;6,3;2500,0;unidade;;;;;;;;;;licitacao-2023-08_0.csv;2023
Ferraz de Vasconcelos;"SECRETARIA DA SAUDE / HOSPITAL REG""OSIRIS FLORINDO COELHO""DE FERRAZ DE VASCONCELOS"; 2023856665477;Contratacao Direta - Dispensa de licitacao;Medicamentos;197577-3 - MEDICAMENTOS GERAIS DE USO HUMANO  CEFTRIAXONA 1G, FORMA FARMACEUTICA PO LIOFILO PARA SOLUCAO INJETAVEL, FORMA DE APRESENTACAO FRASCO-AMPOLA COM OU SEM DILUENTE, VIA DE ADMINISTRACAO INTRAVENOSA;;;;9,79;2500,0;unidade;;;;;;;;;;licitacao-2023-08_0.csv;2023
Ferraz de Vasconcelos;"SECRETARIA DA SAUDE / HOSPITAL REG""OSIRIS FLORINDO COELHO""DE FERRAZ DE VASCONCELOS"; 2023883958199;Contratacao Direta - Dispensa de licitacao;Medicamentos;195727-9 - MEDICAMENTOS GERAIS DE USO HUMANO METRONIDAZOL 5 MG/ML (0,5%), FORMA FARMACEUTICA SOLUCAO INJETAVEL, FORMA DE APRESENTACAO FRASCO/BOLSA 100ML SISTEMA FECHADO, VIA DE ADMINISTRACAO INTRAVENOSA;;;;5,435;1000,0;Unidade;;;;;;;;;;licitacao-2023-08_0.csv;2023
Ferraz de Vasconcelos;"SECRETARIA DA SAUDE / HOSPITAL REG""OSIRIS FLORINDO COELHO""DE FERRAZ DE VASCONCELOS"; 2023883958199;Contratacao Direta - Dispensa de licitacao;Medicamentos;195727-9 - MEDICAMENTOS GERAIS DE USO HUMANO METRONIDAZOL 5 MG/ML (0,5%), FORMA FARMACEUTICA SOLUCAO INJETAVEL, FORMA DE APRESENTACAO FRASCO/BOLSA 100ML SISTEMA FECHADO, VIA DE ADMINISTRACAO INTRAVENOSA;;;;5,45;1000,0;Unidade;;;;;;;;;;licitacao-2023-08_0.csv;2023
Ferraz de Vasconcelos;"SECRETARIA DA SAUDE / HOSPITAL REG""OSIRIS FLORINDO COELHO""DE FERRAZ DE VASCONCELOS"; 2023883958199;Contratacao Direta - Dispensa de licitacao;Medicamentos;195727-9 - MEDICAMENTOS GERAIS DE USO HUMANO METRONIDAZOL 5 MG/ML (0,5%), FORMA FARMACEUTICA SOLUCAO INJETAVEL, FORMA DE APRESENTACAO FRASCO/BOLSA 100ML SISTEMA FECHADO, VIA DE ADMINISTRACAO INTRAVENOSA;;;;7,34;1000,0;Unidade;;;;;;;;;;licitacao-2023-08_0.csv;2023
Ferraz de Vasconcelos;"SECRETARIA DA SAUDE / HOSPITAL REG""OSIRIS FLORINDO COELHO""DE FERRAZ DE VASCONCELOS"; 2023883958199;Contratacao Direta - Dispensa de licitacao;Medicamentos;195727-9 - MEDICAMENTOS GERAIS DE USO HUMANO METRONIDAZOL 5 MG/ML (0,5%), FORMA FARMACEUTICA SOLUCAO INJETAVEL, FORMA DE APRESENTACAO FRASCO/BOLSA 100ML SISTEMA FECHADO, VIA DE ADMINISTRACAO INTRAVENOSA;;;;10,29;1000,0;UNIDADE;;;;;;;;;;licitacao-2023-08_0.csv;2023
Ferraz de Vasconcelos;PREFEITURA MUNICIPAL DE FERRAZ DE VASCONCELOS; 2023147483892;Contratacao Direta - Dispensa de licitacao;Medicamentos;AEROLIN 100MCG SPRAY 200 DOSES ;;;;21,99;6,0;FRS;;;;;;;;;;licitacao-2023-11_0.csv;2023
Ferraz de Vasconcelos;PREFEITURA MUNICIPAL DE FERRAZ DE VASCONCELOS; 2023147483892;Contratacao Direta - Dispensa de licitacao;Medicamentos;AEROLIN 100MCG SPRAY 200 DOSES ;;;;22,41;6,0;FRS;;;;;;;;;;licitacao-2023-11_0.csv;2023
Ferraz de Vasconcelos;PREFEITURA MUNICIPAL DE FERRAZ DE VASCONCELOS; 2023147483892;Contratacao Direta - Dispensa de licitacao;Medicamentos;AEROLIN 100MCG SPRAY 200 DOSES ;;;;23,09;6,0;FRS;;;;;;;;;;licitacao-2023-11_0.csv;2023
Ferraz de Vasconcelos;PREFEITURA MUNICIPAL DE FERRAZ DE VASCONCELOS; 2023147483892;Contratacao Direta - Dispensa de licitacao;Medicamentos;AEROLIN 100MCG SPRAY 200 DOSES ;;;;25,82;6,0;FRS;;;;;;;;;;licitacao-2023-11_0.csv;2023
Ferraz de Vasconcelos;PREFEITURA MUNICIPAL DE FERRAZ DE VASCONCELOS; 2023147483892;Contratacao Direta - Dispensa de licitacao;Medicamentos;AEROLIN 100MCG SPRAY 200 DOSES ;;;;66,49;6,0;FRS;;;;;;;;;;licitacao-2023-11_0.csv;2023
Ferraz de Vasconcelos;PREFEITURA MUNICIPAL DE FERRAZ DE VASCONCELOS; 2023147483892;Contratacao Direta - Dispensa de licitacao;Medicamentos;CAVILON CREME BARREIRA DURAVEL 92G 3M ;;;;199,42;24,0;TUB;;;;;;;;;;licitacao-2023-11_0.csv;2023
Ferraz de Vasconcelos;PREFEITURA MUNICIPAL DE FERRAZ DE VASCONCELOS; 2023147483892;Contratacao Direta - Dispensa de licitacao;Medicamentos;CAVILON CREME BARREIRA DURAVEL 92G 3M ;;;;224,85;24,0;TUB;;;;;;;;;;licitacao-2023-11_0.csv;2023
Ferraz de Vasconcelos;PREFEITURA MUNICIPAL DE FERRAZ DE VASCONCELOS; 2023147483892;Contratacao Direta - Dispensa de licitacao;Medicamentos;CAVILON CREME BARREIRA DURAVEL 92G 3M ;;;;247,5;24,0;TUB;;;;;;;;;;licitacao-2023-11_0.csv;2023
Ferraz de Vasconcelos;PREFEITURA MUNICIPAL DE FERRAZ DE VASCONCELOS; 2023147483892;Contratacao Direta - Dispensa de licitacao;Medicamentos;CAVILON CREME BARREIRA DURAVEL 92G 3M ;;;;266,35;24,0;TUB;;;;;;;;;;licitacao-2023-11_0.csv;2023
Ferraz de Vasconcelos;PREFEITURA MUNICIPAL DE FERRAZ DE VASCONCELOS; 2023147483892;Contratacao Direta - Dispensa de licitacao;Medicamentos;CAVILON SPRAY PROTETOR CUTANEO 28ML 3M ;;;;188,89;12,0;FRS;;;;;;;;;;licitacao-2023-11_0.csv;2023
Ferraz de Vasconcelos;PREFEITURA MUNICIPAL DE FERRAZ DE VASCONCELOS; 2023147483892;Contratacao Direta - Dispensa de licitacao;Medicamentos;CAVILON SPRAY PROTETOR CUTANEO 28ML 3M ;;;;199,37;12,0;FRS;;;;;;;;;;licitacao-2023-11_0.csv;2023
Ferraz de Vasconcelos;PREFEITURA MUNICIPAL DE FERRAZ DE VASCONCELOS; 2023147483892;Contratacao Direta - Dispensa de licitacao;Medicamentos;CAVILON SPRAY PROTETOR CUTANEO 28ML 3M ;;;;203,56;12,0;FRS;;;;;;;;;;licitacao-2023-11_0.csv;2023
Ferraz de Vasconcelos;PREFEITURA MUNICIPAL DE FERRAZ DE VASCONCELOS; 2023147483892;Contratacao Direta - Dispensa de licitacao;Medicamentos;CAVILON SPRAY PROTETOR CUTANEO 28ML 3M ;;;;299,85;12,0;FRS;;;;;;;;;;licitacao-2023-11_0.csv;2023
Ferraz de Vasconcelos;PREFEITURA MUNICIPAL DE FERRAZ DE VASCONCELOS; 2023147483892;Contratacao Direta - Dispensa de licitacao;Medicamentos;COLECALCIFEROL 200UI GOTAS 20ML FRASCO VITAMINA D ;;;;11,15;12,0;FRS;;;;;;;;;;licitacao-2023-11_0.csv;2023
Ferraz de Vasconcelos;PREFEITURA MUNICIPAL DE FERRAZ DE VASCONCELOS; 2023147483892;Contratacao Direta - Dispensa de licitacao;Medicamentos;COLECALCIFEROL 200UI GOTAS 20ML FRASCO VITAMINA D ;;;;12,87;12,0;FRS;;;;;;;;;;licitacao-2023-11_0.csv;2023
Ferraz de Vasconcelos;PREFEITURA MUNICIPAL DE FERRAZ DE VASCONCELOS; 2023147483892;Contratacao Direta - Dispensa de licitacao;Medicamentos;MUPIROCINA 2% 20MG/G 15G ;;;;35,78;48,0;TUB;;;;;;;;;;licitacao-2023-11_0.csv;2023
Ferraz de Vasconcelos;PREFEITURA MUNICIPAL DE FERRAZ DE VASCONCELOS; 2023147483892;Contratacao Direta - Dispensa de licitacao;Medicamentos;MUPIROCINA 2% 20MG/G 15G ;;;;39,68;48,0;TUB;;;;;;;;;;licitacao-2023-11_0.csv;2023
Ferraz de Vasconcelos;PREFEITURA MUNICIPAL DE FERRAZ DE VASCONCELOS; 2023147483892;Contratacao Direta - Dispensa de licitacao;Medicamentos;MUPIROCINA 2% 20MG/G 15G ;;;;42,19;48,0;TUB;;;;;;;;;;licitacao-2023-11_0.csv;2023
Ferraz de Vasconcelos;PREFEITURA MUNICIPAL DE FERRAZ DE VASCONCELOS; 2023147483892;Contratacao Direta - Dispensa de licitacao;Medicamentos;NASONEX SPRAY NASAL ;;;;64,35;12,0;FRS;;;;;;;;;;licitacao-2023-11_0.csv;2023
Ferraz de Vasconcelos;PREFEITURA MUNICIPAL DE FERRAZ DE VASCONCELOS; 2023147483892;Contratacao Direta - Dispensa de licitacao;Medicamentos;NASONEX SPRAY NASAL ;;;;70,84;12,0;FRS;;;;;;;;;;licitacao-2023-11_0.csv;2023
Ferraz de Vasconcelos;PREFEITURA MUNICIPAL DE FERRAZ DE VASCONCELOS; 2023147483892;Contratacao Direta - Dispensa de licitacao;Medicamentos;SUPLEMENTO VITAMINICO E MINERAL 120ML ;;;;38,59;12,0;FRS;;;;;;;;;;licitacao-2023-11_0.csv;2023
Ferraz de Vasconcelos;PREFEITURA MUNICIPAL DE FERRAZ DE VASCONCELOS; 2023147483892;Contratacao Direta - Dispensa de licitacao;Medicamentos;SUPLEMENTO VITAMINICO E MINERAL 120ML ;;;;64,49;12,0;FRS;;;;;;;;;;licitacao-2023-11_0.csv;2023
Ferraz de Vasconcelos;PREFEITURA MUNICIPAL DE FERRAZ DE VASCONCELOS; 2023147483892;Contratacao Direta - Dispensa de licitacao;Medicamentos;SUPLEMENTO VITAMINICO E MINERAL 120ML ;;;;65,49;12,0;FRS;;;;;;;;;;licitacao-2023-11_0.csv;2023
Ferraz de Vasconcelos;PREFEITURA MUNICIPAL DE FERRAZ DE VASCONCELOS; 2023147483892;Contratacao Direta - Dispensa de licitacao;Medicamentos;SUPLEMENTO VITAMINICO E MINERAL 120ML ;;;;105,0;12,0;FRS;;;;;;;;;;licitacao-2023-11_0.csv;2023
